ASxxxx Assembler V05.50.5  (Motorola 6800/6802/6808)                    Page 1
Hexadecimal [16-Bits]                                 Thu May  7 22:05:00 2026



                              1 ;------------------------------------------------------------------
                              2 ; text2speech.asm
                              3 ;------------------------------------------------------------------
                              4 
                              5                 .area   CODE1 (ABS)     ; absolute i.e. not relocatable
   0100                       6                 .org    0x0100
                              7 
                     F400     8 DATAA           .equ    0xF400          ; ACIA(a) Data register
                     F401     9 CTRLA           .equ    0xF401          ; ACIA(a) Ctrl/Status
                     F402    10 DATAB           .equ    0xF402          ; ACIA(b) Data register
                     F403    11 CTRLB           .equ    0xF403          ; ACIA(b) Ctrl/Status
                             12 
                             13 ; MINIMON routines
                     FC76    14 STRING          .equ    0xFC76          ; Prints a string.
                     FC89    15 GETADD          .equ    0xFC89          ; Get Address, read 4 digit hex value.
                     FCC9    16 ZOUT            .equ    0xFCC9          ; Print value in A as 2 hex digits.
                     FE97    17 NEWLINE         .equ    0xFE97          ; Prints a new line.
                     FF8F    18 START           .equ    0xFF8F          ; Restarts MniMon.
                     FC0F    19 PR_A            .equ    0xFC0F          ; Print char in A to ACIA (a)
                     FD2B    20 RD_A            .equ    0xFD2B          ; Read char from A
                     FD4D    21 PRSP            .equ    0xFD4D          ; Print a space
                     FC31    22 BINARY          .equ    0xFC31          ; Converts ASCII hex digits in A and B to binary?
                     FC65    23 RD_X            .equ    0xFC65          ; Read 4 hex digits Value from ACIA(a) and put value into X.
                     FC1D    24 VHEX            .equ    0xFC1D          ; Checks that A contains a HEX character
                             25 
                     F0FF    26 PANEL           .equ    0xF0FF          ; LEDs and switches
                     00FF    27 DELAY_VAL       .EQU    0x00FF          ; Delay loop count - adjust to taste (16 BIT VALUE)
                             28 
                     002D    29 IDLE_TICS       .equ    45              ; ticks between idle messages (1 tic = 2 secs approx)
                     000F    30 SHEAVY_WGHT     .equ    15              ; >= 15 stones
                     000D    31 HEAVY_WGHT      .equ    13              ; >= 13 stones
                     000A    32 NORM_WGHT       .equ    10              ; >= 10 stones
                     0006    33 LIGHT_WGHT      .equ    6               ; >= 6 stones
                     0014    34 TOO_HEAVY       .equ    20
                             35 
                             36 ; number of messages
                     000D    37 GREET_MSG_CNT   .equ    13
                     000A    38 LIGHT_MSG_CNT   .equ    10
                     0015    39 NORM_MSG_CNT    .equ    21
                     0011    40 HEAVY_MSG_CNT   .equ    17
                     000A    41 SHEAVY_MSG_CNT  .equ    10
                     0019    42 IDLE_MSG_CNT    .equ    25
                             43 
   0100                      44 INIT:
                             45                 ; clear the counters
   0100 7F 1A 1F      [ 6]   46                 CLR     IDLE_COUNT
   0103 7F 1A 20      [ 6]   47                 CLR     IDLE_MSG_ID
   0106 7F 1A 21      [ 6]   48                 CLR     GREET_MSG_ID
   0109 7F 1A 22      [ 6]   49                 CLR     LIGHT_MSG_ID
   010C 7F 1A 23      [ 6]   50                 CLR     NORMAL_MSG_ID
   010F 7F 1A 24      [ 6]   51                 CLR     HEAVY_MSG_ID
   0112 7F 1A 25      [ 6]   52                 CLR     SHEAVY_MSG_ID
   0115 7F 1A 26      [ 6]   53                 CLR     PROCESSING_FLG
   0118 7F 1A 27      [ 6]   54                 CLR     SYLLABLES
   011B 7F F0 FF      [ 6]   55                 CLR     PANEL
ASxxxx Assembler V05.50.5  (Motorola 6800/6802/6808)                    Page 2
Hexadecimal [16-Bits]                                 Thu May  7 22:05:00 2026



                             56 
                             57                 ; TODO add syllables to end of each phrase
                             58                 ; temp setting for syllables
   011E 86 03         [ 2]   59                 LDAA    #3
   0120 B7 1A 27      [ 5]   60                 STAA    SYLLABLES
                             61 
                             62                 ; initialise serial port B
   0123 86 11         [ 2]   63                 LDAA    #0x11           ; 8 Data, No Parity, 2 Stop Bits
   0125 B7 F4 03      [ 5]   64                 STAA    CTRLB           ;   ACIA.A
                             65 
   0128 BD FC 76      [ 9]   66                 JSR STRING
   012B 53 70 65 61 6B 20    67                 .fcc    "Speak Your Weight (c) John Newcombe 2026"
        59 6F 75 72 20 57
        65 69 67 68 74 20
        28 63 29 20 4A 6F
        68 6E 20 4E 65 77
        63 6F 6D 62 65 20
        32 30 32 36
   0153 0D 0A FF             68                 .Fcb    0x0d, 0x0a, 0xFF
                             69 
                             70                 ; initialise the speach processor
                             71                 ;   @R6 = excitability (Default=3)
                             72                 ;   @W2 = speed (Default=3)
                             73                 ;   @F8 = pitch center (Default=8)
                             74                 ;   @V3 = one of six preset voices
                             75                 ;   @K0 = male or non-male table
                             76                 ;
   0156 BD 02 EB      [ 9]   77                 JSR STRINGB
   0159 40 52 36 40 57 32    78                 .fcc    "@R6@W2@F8@V3@K0"
        40 46 38 40 56 33
        40 4B 30
   0168 0D 0A FF             79                 .fcb    0x0d, 0x0a, 0xFF
                             80 
   016B                      81 MAINLOOP:
                             82 
                             83 ; -----------------------------------------------------
                             84 ; Data arrives at port B as four hex characters
                             85 ; -----------------------------------------------------
   016B BD 02 BC      [ 9]   86                 JSR     GETDATA         ; value in T_WEIGHT, stones in A
   016E 25 03         [ 4]   87                 BCS     ML1             ; is it invalid i.e. carry clear
   0170 7E 02 07      [ 3]   88                 JMP     IDLE
   0173 7D 1A 26      [ 6]   89 ML1:            TST     PROCESSING_FLG  ; are we already processing a weight
   0176 26 F3         [ 4]   90                 BNE     MAINLOOP        ; flag non-zero so ignore everything that follows
   0178 7C 1A 26      [ 6]   91                 INC     PROCESSING_FLG  ; ignore any following data until we next idle
   017B 81 14         [ 2]   92                 CMPA    #TOO_HEAVY      ; more that 20 is too heavy
   017D 22 3E         [ 4]   93                 BHI     OVERLOADED
   017F B6 1A 1E      [ 4]   94                 LDAA    T_WEIGHT+1      ; validate pounds
   0182 81 0D         [ 2]   95                 CMPA    #13             ; invalid pounds
   0184 22 60         [ 4]   96                 BHI     ERROR           ; error
   0186 BD 02 31      [ 9]   97                 JSR     GREET           ; send a greeting message
                             98 
                             99                 ; get the weight a second time, this should allow the scales time to settle
   0189 BD 02 BC      [ 9]  100                 JSR     GETDATA
                            101 
                            102                 ; output "you weigh" maybe use a phrase rather than individual words
ASxxxx Assembler V05.50.5  (Motorola 6800/6802/6808)                    Page 3
Hexadecimal [16-Bits]                                 Thu May  7 22:05:00 2026



                            103                 ;LDX     #YOU
                            104                 ;JSR     PR_WORD
                            105                 ;JSR     PR_SPCB
                            106                 ;LDX     #WEIGH
                            107                 ;JSR     PR_WORD
                            108                 ;JSR     PR_SPCB
                            109 
   018C CE 19 D8      [ 3]  110                 LDX     #MYOUWEIGH
   018F BD 03 D6      [ 9]  111                 JSR     PR_PHRASE
                            112 
   0192 FE 1A 1D      [ 5]  113                 LDX     T_WEIGHT        ; restore X
   0195 BD 03 83      [ 9]  114                 JSR     PR_WEIGHT       ; weight back X so output the weight
                            115 
   0198 BD 19 DD      [ 9]  116                 JSR     PANEL_DISP
                            117 
                            118 
   019B B6 1A 1D      [ 4]  119                 LDAA    T_WEIGHT        ; stones
   019E 81 0F         [ 2]  120                 CMPA    #SHEAVY_WGHT
   01A0 25 03         [ 4]  121                 BLO     ML2             ; not super heavy weight
   01A2 7E 02 8B      [ 3]  122                 JMP     SHEAVYW
   01A5 81 0D         [ 2]  123 ML2:            CMPA    #HEAVY_WGHT
   01A7 25 03         [ 4]  124                 BLO     ML3             ; not heavy weight
   01A9 7E 02 74      [ 3]  125                 JMP     HEAVYW
   01AC 81 0A         [ 2]  126 ML3:            CMPA    #NORM_WGHT
   01AE 25 03         [ 4]  127                 BLO     ML4             ; not normal weight
   01B0 7E 02 5D      [ 3]  128                 JMP     NORMALW
   01B3 81 06         [ 2]  129 ML4:            CMPA    #LIGHT_WGHT
   01B5 25 03         [ 4]  130                 BLO     ML5             ; not light weight
   01B7 7E 02 46      [ 3]  131                 JMP     LIGHTW
   01BA 7E 01 6B      [ 3]  132 ML5:            JMP     MAINLOOP        ; no comments for less than light weight
                            133 
                            134 ; -----------------------------------------------------
                            135 ; Over 20 stone so random heavy phrase to ports B
                            136 ; -----------------------------------------------------
   01BD                     137 OVERLOADED:
   01BD BD 02 EB      [ 9]  138                 JSR     STRINGB         ; TODO Use a phrase
   01C0 53 79 73 74 65 6D   139                 .fcc    "System overload, and its not me."
        20 6F 76 65 72 6C
        6F 61 64 2C 20 61
        6E 64 20 69 74 73
        20 6E 6F 74 20 6D
        65 2E
   01E0 0D 0A FF            140                 .fcb    0x0D,0x0A,0xFF
   01E3 7E 01 6B      [ 3]  141                 JMP     MAINLOOP
   01E6                     142 ERROR:
                            143                 ; TODO get phrase from phrase table
   01E6 BD 02 EB      [ 9]  144                 JSR     STRINGB         ; TODO Use a phrase
   01E9 49 6E 74 65 72 6E   145                 .fcc    "Internal error, typical!"
        61 6C 20 65 72 72
        6F 72 2C 20 74 79
        70 69 63 61 6C 21
   0201 0D 0A FF            146                 .fcb    0x0D,0x0A,0xFF
   0204 7E 01 6B      [ 3]  147                 JMP     MAINLOOP
                            148 
                            149 ; we cycle thought idle message when no one is on the scales, data comes in a one
ASxxxx Assembler V05.50.5  (Motorola 6800/6802/6808)                    Page 4
Hexadecimal [16-Bits]                                 Thu May  7 22:05:00 2026



                            150 ; second intervals so we simply increase the idle count until it's time to display
                            151 ; the next idle message
                            152 
   0207 7F 1A 26      [ 6]  153 IDLE:   CLR     PROCESSING_FLG  ; clear the processing flag as no one
                            154                                 ;   is standing on the scales
   020A 7C 1A 1F      [ 6]  155         INC     IDLE_COUNT      ; increase the idle count
   020D B6 1A 1F      [ 4]  156         LDAA    IDLE_COUNT      ; see if idle count = max idle time
   0210 81 2D         [ 2]  157         CMPA    #IDLE_TICS      ; a data message appears every second
   0212 27 03         [ 4]  158         BEQ     IDLE1           ; not reached the max idle time
   0214 7E 01 6B      [ 3]  159         JMP     MAINLOOP             ; nothing to do yet
                            160 
   0217 7F 1A 1F      [ 6]  161 IDLE1:   CLR     IDLE_COUNT      ; time to output an idle message so reset the count
   021A B6 1A 20      [ 4]  162         LDAA    IDLE_MSG_ID     ; get next Message ID
   021D 81 19         [ 2]  163         CMPA    #IDLE_MSG_CNT   ; are we beyond the end of the list
   021F 26 04         [ 4]  164         BNE     IDLE_OP         ; still at valid id so output idle message
   0221 7F 1A 20      [ 6]  165         CLR     IDLE_MSG_ID     ; beyond last message so reset the current msg to zero
   0224 4F            [ 2]  166         CLRA                    ; set currentid back to 0
   0225                     167 IDLE_OP:
   0225 7C 1A 20      [ 6]  168         INC     IDLE_MSG_ID     ; set to next message for the next next time
   0228 CE 12 31      [ 3]  169         LDX     #IDLEPTR        ; A has phrase ID, set X to the base address
   022B BD 02 A1      [ 9]  170         JSR     PHRASE_OUT
   022E 7E 01 6B      [ 3]  171         JMP     MAINLOOP
                            172 
   0231                     173 GREET:   ; output the greeting message
   0231 B6 1A 21      [ 4]  174         LDAA    GREET_MSG_ID    ; get next Message ID
   0234 81 0D         [ 2]  175         CMPA    #GREET_MSG_CNT  ; are we beyond the end of the list
   0236 26 04         [ 4]  176         BNE     GREET_OP        ; still at valid id so output idle message
   0238 7F 1A 21      [ 6]  177         CLR     GREET_MSG_ID    ; beyond last message so reset the current msg to zero
   023B 4F            [ 2]  178         CLRA                    ; set currentid back to 0
   023C                     179 GREET_OP:
   023C 7C 1A 21      [ 6]  180         INC     GREET_MSG_ID    ; set to next message for the next next time
   023F CE 11 A3      [ 3]  181         LDX     #GREETPTR       ; A has phrase ID, set X to the base address
   0242 BD 02 A1      [ 9]  182         JSR     PHRASE_OUT
   0245 39            [ 5]  183         RTS
                            184 
   0246                     185 LIGHTW:   ; output the lightweight message
   0246 B6 1A 22      [ 4]  186         LDAA    LIGHT_MSG_ID    ; get next Message ID
   0249 81 0A         [ 2]  187         CMPA    #LIGHT_MSG_CNT  ; are we beyond the end of the list
   024B 26 04         [ 4]  188         BNE     LIGHT_OP        ; still at valid id so output idle message
   024D 7F 1A 22      [ 6]  189         CLR     LIGHT_MSG_ID    ; beyond last message so reset the current msg to zero
   0250 4F            [ 2]  190         CLRA                    ; set currentid back to 0
   0251                     191 LIGHT_OP:
   0251 7C 1A 22      [ 6]  192         INC     LIGHT_MSG_ID    ; set to next message for the next next time
   0254 CE 11 BD      [ 3]  193         LDX     #LIGHTPTR       ; A has phrase ID, set X to the base address
   0257 BD 02 A1      [ 9]  194         JSR     PHRASE_OUT
   025A 7E 01 6B      [ 3]  195         JMP     MAINLOOP
                            196 
   025D                     197 NORMALW: ; output the normal message
   025D B6 1A 23      [ 4]  198         LDAA    NORMAL_MSG_ID   ; get next Message ID
   0260 81 15         [ 2]  199         CMPA    #NORM_MSG_CNT   ; are we beyond the end of the list
   0262 26 04         [ 4]  200         BNE     NORMAL_OP       ; still at valid id so output idle message
   0264 7F 1A 23      [ 6]  201         CLR     NORMAL_MSG_ID   ; beyond last message so reset the current msg to zero
   0267 4F            [ 2]  202         CLRA                    ; set currentid back to 0
   0268                     203 NORMAL_OP:
   0268 7C 1A 23      [ 6]  204         INC     NORMAL_MSG_ID   ; set to next message for the next next time
ASxxxx Assembler V05.50.5  (Motorola 6800/6802/6808)                    Page 5
Hexadecimal [16-Bits]                                 Thu May  7 22:05:00 2026



   026B CE 11 D1      [ 3]  205         LDX     #NORMALPTR      ; A has phrase ID, set X to the base address
   026E BD 02 A1      [ 9]  206         JSR     PHRASE_OUT
   0271 7E 01 6B      [ 3]  207         JMP     MAINLOOP
                            208 
   0274                     209 HEAVYW:  ; output the heavy message
   0274 B6 1A 24      [ 4]  210         LDAA    HEAVY_MSG_ID    ; get next Message ID
   0277 81 11         [ 2]  211         CMPA    #HEAVY_MSG_CNT  ; are we beyond the end of the list
   0279 26 04         [ 4]  212         BNE     HEAVY_OP        ; still at valid id so output idle message
   027B 7F 1A 24      [ 6]  213         CLR     HEAVY_MSG_ID    ; beyond last message so reset the current msg to zero
   027E 4F            [ 2]  214         CLRA                    ; set currentid back to 0
   027F                     215 HEAVY_OP:
   027F 7C 1A 24      [ 6]  216         INC     HEAVY_MSG_ID    ; set to next message for the next next time
   0282 CE 11 FB      [ 3]  217         LDX     #HEAVYPTR       ; A has phrase ID, set X to the base address
   0285 BD 02 A1      [ 9]  218         JSR     PHRASE_OUT
   0288 7E 01 6B      [ 3]  219         JMP     MAINLOOP
                            220 
   028B                     221 SHEAVYW: ; output the superheavy message
   028B B6 1A 25      [ 4]  222         LDAA    SHEAVY_MSG_ID   ; get next Message ID
   028E 81 0A         [ 2]  223         CMPA    #SHEAVY_MSG_CNT ; are we beyond the end of the list
   0290 26 04         [ 4]  224         BNE     SHEAVY_OP       ; still at valid id so output idle message
   0292 7F 1A 25      [ 6]  225         CLR     SHEAVY_MSG_ID   ; beyond last message so reset the current msg to zero
   0295 4F            [ 2]  226         CLRA                    ; set currentid back to 0
   0296                     227 SHEAVY_OP:
   0296 7C 1A 25      [ 6]  228         INC     SHEAVY_MSG_ID   ; set to next message for the next next time
   0299 CE 12 1D      [ 3]  229         LDX     #SHEAVYPTR      ; A has phrase ID, set X to the base address
   029C 8D 03         [ 8]  230         BSR     PHRASE_OUT
   029E 7E 01 6B      [ 3]  231         JMP     MAINLOOP
                            232 
   02A1                     233 PHRASE_OUT:
                            234 
   02A1 48            [ 2]  235         ASLA                    ; multiply A by 2 as each pointer is two bytes
   02A2 BD 03 62      [ 9]  236         JSR     ADX             ; now have the correct pointer value in X
                            237 
                            238 ; get address of message in X from the pointer in X
   02A5 A6 00         [ 5]  239         LDAA    0,X             ;  get high byte of word pointed to by X
   02A7 E6 01         [ 5]  240         LDAB    1,X             ;  get low byte of word pointed to by X
   02A9 B7 1A 1B      [ 5]  241         STAA    TEMP
   02AC F7 1A 1C      [ 5]  242         STAB    TEMP+1
   02AF FE 1A 1B      [ 5]  243         LDX     TEMP
   02B2 BD 03 D6      [ 9]  244         JSR     PR_PHRASE       ; output idle message
   02B5 BD 03 BC      [ 9]  245         JSR     PR_CRB          ; CR/LF
                            246 
   02B8 BD 19 DD      [ 9]  247         JSR     PANEL_DISP
                            248 
   02BB 39            [ 5]  249         RTS
                            250 
                            251 ;END:     JMP     MAINLOOP  ;START   ; all done
                            252 
                            253 ;--------------------------------------------------------------
                            254 ; Gets the weight data from the scales and rerurns with carry
                            255 ; set if a valid reading, carry clear otherwise. A valid weight
                            256 ; reading resets the idle count. Data received is stored in
                            257 ; T_WEIGHT and MSB in A.
                            258 ;--------------------------------------------------------------
   02BC                     259 GETDATA:
ASxxxx Assembler V05.50.5  (Motorola 6800/6802/6808)                    Page 6
Hexadecimal [16-Bits]                                 Thu May  7 22:05:00 2026



   02BC BD 03 54      [ 9]  260         JSR     RD_XB           ; read 4 hex characters into X
   02BF FF 1A 1D      [ 6]  261         STX     T_WEIGHT        ; store X
   02C2 0C            [ 2]  262         CLC
   02C3 B6 1A 1D      [ 4]  263         LDAA    T_WEIGHT        ; get fist byte (stones)
   02C6 27 04         [ 4]  264         BEQ     GDDONE          ; idle message
   02C8 7F 00 2D      [ 6]  265         CLR     IDLE_TICS       ; not an idle message so reset the idle counter
   02CB 0D            [ 2]  266         SEC                     ; non idle message return with carry set
   02CC 39            [ 5]  267 GDDONE:  RTS
                            268 
                            269 ; -----------------------------------------------------
                            270 ; PR_DEC: Puts 3 decimal digits in DEC, DEC+1 and DEC+2
                            271 ;
                            272 ;       !! ONLY WORKS WITH VALUES BELOW 128 !!
                            273 ; -----------------------------------------------------
   02CD 5F            [ 2]  274 PR_DEC:  CLRB            ; Clear B for hundreds
                            275 
   02CE 81 64         [ 2]  276 HUND:    CMPA    #100    ; 100 or more?
                            277 
   02D0 2D 05         [ 4]  278         BLT     TENS
   02D2 80 64         [ 2]  279         SUBA    #100    ; Sub 100
   02D4 5C            [ 2]  280         INCB            ; Increment hundred counter
   02D5 20 F7         [ 4]  281         BRA     HUND
                            282 
   02D7 F7 1A 17      [ 5]  283 TENS:    STAB    DEC     ; store the hundreds
                            284 
   02DA 5F            [ 2]  285         CLRB
   02DB 81 0A         [ 2]  286 TENS1:   CMPA    #10     ; 10 or more?
   02DD 2D 05         [ 4]  287         BLT     UNITS
   02DF 80 0A         [ 2]  288         SUBA    #10     ; Sub 10
   02E1 5C            [ 2]  289         INCB            ; Increment ten counter
   02E2 20 F7         [ 4]  290         BRA     TENS1
                            291 
   02E4 F7 1A 18      [ 5]  292 UNITS:   STAB    DEC+1
   02E7 B7 1A 19      [ 5]  293         STAA    DEC+2   ; Final remainder is units
                            294 
   02EA 39            [ 5]  295         RTS
                            296 
                            297 
                            298 ; -----------------------------------------------------
                            299 ; Print string FOLLOWING JSR ( terminated by 0xFF ) to
                            300 ; ACIA(b) and ACIA(b)
                            301 ; -----------------------------------------------------
   02EB 30            [ 4]  302 STRINGB: TSX             ; Get loc. of return addr to X
   02EC EE 00         [ 6]  303          LDX     0,X     ; Get return addr to X
   02EE 09            [ 4]  304          DEX             ; Point to byte before
   02EF 08            [ 4]  305 STRB1:   INX             ; Point to next byte
   02F0 A6 00         [ 5]  306          LDAA    0,X     ; Get byte to be printed
   02F2 81 FF         [ 2]  307          CMPA    #0xFF    ; End-string ?
   02F4 27 0E         [ 4]  308          BEQ     ENDSTR  ; Yes: Go to finish up
   02F6 F6 F0 FF      [ 4]  309          LDAB    PANEL
   02F9 C5 01         [ 2]  310          BITB     #1
   02FB 27 03         [ 4]  311          BEQ     STRB    ; panel switch 0 is debug and copies data to A
   02FD BD FC 0F      [ 9]  312          JSR     PR_A    ; Print the byte to ACIA(a) (A is maintained)
                            313                          ;  DEBUG depending on panel data switch zero
   0300 8D 47         [ 8]  314 STRB:    BSR     PR_B    ; Print the byte to ACIA(b)
ASxxxx Assembler V05.50.5  (Motorola 6800/6802/6808)                    Page 7
Hexadecimal [16-Bits]                                 Thu May  7 22:05:00 2026



   0302 20 EB         [ 4]  315          BRA     STRB1   ; Go back for next byte
   0304 31            [ 4]  316 ENDSTR:  INS             ; Clean up stack...
   0305 31            [ 4]  317          INS             ;  ( pop off the return addr )
   0306 6E 01         [ 4]  318          JMP     1,X     ; Jump back to caller (RETURN)
                            319 
                            320 ; -----------------------------------------------------
                            321 ; Prints a string pointed to by X
                            322 ; -----------------------------------------------------
   0308 A6 00         [ 5]  323 STRINGBX:   LDAA    0,X         ; get char
   030A 81 FF         [ 2]  324             CMPA    #0xFF        ; is character NULL?
   030C 27 0F         [ 4]  325             BEQ     DONEB       ; yes, end of string
                            326             ;STAA   PANEL     ; REMOVED, too much activity
   030E F6 F0 FF      [ 4]  327             LDAB    PANEL
   0311 C5 01         [ 2]  328             BITB    #1
   0313 27 03         [ 4]  329             BEQ     STRBX       ; panel switch 0 is debug and copies data to A
   0315 BD FC 0F      [ 9]  330             JSR     PR_A        ; Print the byte to ACIA(a) (A is maintained)
   0318 8D 2F         [ 8]  331 STRBX:      BSR     PR_B        ; Print the byte to ACIA(b)
   031A 08            [ 4]  332             INX
   031B 20 EB         [ 4]  333             BRA     STRINGBX
   031D 39            [ 5]  334 DONEB:      RTS
                            335 
                            336 ; -----------------------------------------------------
                            337 ; Reads a character from ACIA(b) into A
                            338 ; -----------------------------------------------------
   031E 7C 1A 1A      [ 6]  339 RD_B:    INC     RND         ; simple way to get a random number
   0321 B6 F4 03      [ 4]  340         LDAA    CTRLB       ; Get ACIA.A status byte
   0324 85 01         [ 2]  341         BITA    #01         ; Is byte ready in DATAb
   0326 27 F6         [ 4]  342         BEQ     RD_B        ; No: Try again
   0328 B6 F4 02      [ 4]  343         LDAA    DATAB       ; Get the data byte to A
   032B 84 7F         [ 2]  344         ANDA    #0x7F        ; Mask off parity bit if it exists
   032D 39            [ 5]  345         RTS                 ; RETURN
                            346 
                            347 ; -----------------------------------------------------
                            348 ;
                            349 ; -----------------------------------------------------
   032E 8D EE         [ 8]  350 ZINB:    BSR     RD_B    ; Read a character
   0330 BD FC 1D      [ 9]  351         JSR     VHEX    ; Is it a hex character ?
   0333 25 12         [ 4]  352         BCS     Z_PRQM  ; No: go to print `?`
   0335 B7 1A 0A      [ 5]  353         STAA    T_Q     ; Yes: Save Acc.A
   0338 8D E4         [ 8]  354         BSR     RD_B    ; Read 2nd character
   033A BD FC 1D      [ 9]  355         JSR     VHEX    ; Is it a hex character ?
   033D 25 08         [ 4]  356         BCS     Z_PRQM  ; No: go to print `?`
   033F 16            [ 2]  357         TAB             ; Yes: Put it into Acc.B
   0340 B6 1A 0A      [ 4]  358         LDAA    T_Q     ; Retrieve 1st hex char to Acc.A
   0343 BD FC 31      [ 9]  359         JSR     BINARY  ; Convert A:B to binary
   0346 39            [ 5]  360         RTS             ; RETURN
   0347                     361 Z_PRQM:  ;LDAA    #'?     ; Load `?` into A
                            362         ;BSR     PR_B    ; Print it
   0347 20 E5         [ 4]  363         BRA     ZINB    ; Go back to start of hex input
                            364 
                            365 
                            366 ; -----------------------------------------------------
                            367 ; Print character in A to ACIA(b)
                            368 ; -----------------------------------------------------
   0349 F6 F4 03      [ 4]  369 PR_B:    LDAB    CTRLB   ; Get ACIA(a) status byte
ASxxxx Assembler V05.50.5  (Motorola 6800/6802/6808)                    Page 8
Hexadecimal [16-Bits]                                 Thu May  7 22:05:00 2026



   034C C5 02         [ 2]  370         BITB    #02     ; Is it busy ?
   034E 27 F9         [ 4]  371         BEQ     PR_B    ; Yes: Try again
   0350 B7 F4 02      [ 5]  372         STAA    DATAB   ;  No: Send data
   0353 39            [ 5]  373 PRB_END: RTS             ; RETURN
                            374 
                            375 ; -----------------------------------------------------
                            376 ; Read 4 hex digits and put value into X
                            377 ; -----------------------------------------------------
   0354 8D D8         [ 8]  378 RD_XB:   BSR     ZINB    ; Read 2 digit hex value into A
   0356 B7 1A 0B      [ 5]  379         STAA    T_Z     ; Save byte (most significant)
   0359 8D D3         [ 8]  380         BSR     ZINB    ; Read 2 digit hex value into A
   035B B7 1A 0C      [ 5]  381         STAA    T_Z+1   ; Save byte (least significant)
   035E FE 1A 0B      [ 5]  382         LDX     T_Z     ; Load full 4 hex value into X
   0361 39            [ 5]  383         RTS             ; RETURN
                            384 
                            385 ; -----------------------------------------------------
                            386 ; Adds A to X and leaves the result in X, A is
                            387 ; preserved.
                            388 ; -----------------------------------------------------
   0362 36            [ 4]  389 ADX:     PSHA
   0363 FF 1A 15      [ 6]  390         STX     T_TMP
   0366 BB 1A 16      [ 4]  391         ADDA    T_TMP+1   ; add A to low byte
   0369 B7 1A 16      [ 5]  392         STAA    T_TMP+1
   036C B6 1A 15      [ 4]  393         LDAA    T_TMP     ; get high byte
   036F 89 00         [ 2]  394         ADCA    #0      ; add carry only
   0371 B7 1A 15      [ 5]  395         STAA    T_TMP
   0374 FE 1A 15      [ 5]  396         LDX     T_TMP
   0377 32            [ 4]  397         PULA
   0378 39            [ 5]  398         RTS
                            399 
                            400 ; -----------------------------------------------------
                            401 ; Loads X with A, A is preserved.
                            402 ; -----------------------------------------------------
   0379 B7 1A 16      [ 5]  403 TAX:    STAA    T_TMP+1       ; store A as low byte of X
   037C 7F 1A 15      [ 6]  404         CLR     T_TMP         ; zero the high byte
   037F FE 1A 15      [ 5]  405         LDX     T_TMP         ; load X
   0382 39            [ 5]  406         RTS
                            407 
                            408 ; -----------------------------------------------------
                            409 ; Prints the message " n stones n pounds"
                            410 ; place stones in MSB of X and pound in LSB
                            411 ; -----------------------------------------------------
   0383                     412 PR_WEIGHT:
                            413 
   0383 FF 1A 13      [ 6]  414         STX     T_W
   0386 B6 1A 13      [ 4]  415         LDAA    T_W
   0389 BD 03 79      [ 9]  416         JSR     TAX
   038C BD 03 F8      [ 9]  417         JSR     PR_WORD         ; n
   038F BD 03 B1      [ 9]  418         JSR     PR_SPCB
   0392 CE 01 2B      [ 3]  419         LDX     #STONES
   0395 BD 03 F8      [ 9]  420         JSR     PR_WORD         ; "stones"
   0398 BD 03 B1      [ 9]  421         JSR     PR_SPCB
   039B B6 1A 14      [ 4]  422         LDAA    T_W+1            ; Load high byte of X into Accumulator A
   039E BD 03 79      [ 9]  423         JSR     TAX
   03A1 BD 03 F8      [ 9]  424         JSR     PR_WORD         ; n
ASxxxx Assembler V05.50.5  (Motorola 6800/6802/6808)                    Page 9
Hexadecimal [16-Bits]                                 Thu May  7 22:05:00 2026



   03A4 CE 00 F5      [ 3]  425         LDX     #POUNDS
   03A7 BD 03 B1      [ 9]  426         JSR     PR_SPCB
   03AA BD 03 F8      [ 9]  427         JSR     PR_WORD         ; "pounds"
   03AD BD 03 BC      [ 9]  428         JSR     PR_CRB
   03B0 39            [ 5]  429         RTS
                            430 
                            431 ; -----------------------------------------------------
                            432 ; Prints a space on both consoles (preserves A)
                            433 ; -----------------------------------------------------
   03B1 36            [ 4]  434 PR_SPCB: PSHA
   03B2 86 20         [ 2]  435         LDAA    #0x20        ; Put space character in A
   03B4 BD FC 0F      [ 9]  436         JSR     PR_A
   03B7 BD 03 49      [ 9]  437         JSR     PR_B        ; Print it
   03BA 32            [ 4]  438         PULA
   03BB 39            [ 5]  439         RTS                 ; RETURN
                            440 
                            441 ; -----------------------------------------------------
                            442 ; Prints a CRLF on both consoles (preserves A)
                            443 ; -----------------------------------------------------
   03BC 36            [ 4]  444 PR_CRB:     PSHA
   03BD 86 0D         [ 2]  445             LDAA    #0x0D        ; Put CHAR character in A
   03BF BD FC 0F      [ 9]  446             JSR     PR_A
   03C2 BD 03 49      [ 9]  447             JSR     PR_B        ; Print it
   03C5 86 0A         [ 2]  448             LDAA    #0x0A
   03C7 F6 F0 FF      [ 4]  449             LDAB     PANEL
   03CA C5 01         [ 2]  450             BITB    #1
   03CC 27 03         [ 4]  451             BEQ     PR_CRB1
   03CE BD FC 0F      [ 9]  452             JSR     PR_A
   03D1 BD 03 49      [ 9]  453 PR_CRB1:    JSR     PR_B        ; Print it
   03D4 32            [ 4]  454             PULA
   03D5 39            [ 5]  455             RTS                 ; RETURN
                            456 
                            457 ; -----------------------------------------------------
                            458 ; Outputs a phrase from the memory location in X
                            459 ; -----------------------------------------------------
   03D6                     460 PR_PHRASE:
                            461 
   03D6 A6 00         [ 5]  462 PR_PH1:  LDAA    0,X         ; get high byte of word
   03D8 E6 01         [ 5]  463         LDAB    1,X         ; get low byte
   03DA 81 FF         [ 2]  464         CMPA    #0xFF        ; check high byte
   03DC 27 19         [ 4]  465         BEQ     PR_PH2      ; high byte is 0xFF so we're done
   03DE FF 1A 0F      [ 6]  466 PR_PH3:  STX     T_Y         ; save table pointer
   03E1 B7 1A 11      [ 5]  467         STAA    T_P
   03E4 F7 1A 12      [ 5]  468         STAB    T_P+1
   03E7 FE 1A 11      [ 5]  469         LDX     T_P         ; X now points to the word
   03EA BD 03 F8      [ 9]  470         JSR     PR_WORD
   03ED BD 03 B1      [ 9]  471         JSR     PR_SPCB
   03F0 FE 1A 0F      [ 5]  472         LDX     T_Y         ; restore table pointer
   03F3 08            [ 4]  473         INX                 ; move to next entry
   03F4 08            [ 4]  474         INX                 ; (2 bytes per entry)
   03F5 20 DF         [ 4]  475         BRA     PR_PH1
   03F7 39            [ 5]  476 PR_PH2:  RTS
                            477 
                            478 ; -----------------------------------------------------
                            479 ; Outputs a word based on value in X
ASxxxx Assembler V05.50.5  (Motorola 6800/6802/6808)                   Page 10
Hexadecimal [16-Bits]                                 Thu May  7 22:05:00 2026



                            480 ; -----------------------------------------------------
   03F8                     481 PR_WORD:
   03F8 FF 1A 0D      [ 6]  482             STX     T_X             ; use ASL and ROL to multiply by 2 (pointer is 2 bytes wide)
   03FB 78 1A 0E      [ 6]  483             ASL     T_X+1           ; shift low byte left, bit 7 goes to carry
   03FE 79 1A 0D      [ 6]  484             ROL     T_X             ; rotate high byte left, carry in from low byte
   0401 FE 1A 0D      [ 5]  485             LDX     T_X
   0404 FF 1A 0D      [ 6]  486             STX     T_X             ; Stash X
   0407 B6 1A 0D      [ 4]  487             LDAA    T_X             ; High byte of X
   040A F6 1A 0E      [ 4]  488             LDAB    T_X+1           ; Low byte of X
   040D CB 2E         [ 2]  489             ADDB    #<WORDPTR    ; Add low byte of WORDPTR address
   040F 89 04         [ 2]  490             ADCA    #>WORDPTR    ; Add high byte of WORDPTR address + carry
   0411 B7 1A 0D      [ 5]  491             STAA    T_X             ; T_X has the address of the pointer NOT the word
   0414 F7 1A 0E      [ 5]  492             STAB    T_X+1
   0417 FE 1A 0D      [ 5]  493             LDX     T_X             ; X has the address of the pointer NOT the word
                            494 
   041A A6 00         [ 5]  495             LDAA    0,X             ; get the hi byte of the word
   041C B7 1A 0D      [ 5]  496             STAA    T_X
   041F A6 01         [ 5]  497             LDAA    1,X             ; get the low byte of the word
   0421 B7 1A 0E      [ 5]  498             STAA    T_X+1
   0424 FE 1A 0D      [ 5]  499             LDX     T_X             ; X now has address of the word
   0427 BD 03 08      [ 9]  500             JSR     STRINGBX        ; output the word
   042A 7C 1A 27      [ 6]  501             INC     SYLLABLES
   042D 39            [ 5]  502             RTS
                            503 
ASxxxx Assembler V05.50.5  (Motorola 6800/6802/6808)                   Page 11
Hexadecimal [16-Bits]                                 Thu May  7 22:05:00 2026



                            504                 .include    "words.asm"
                              1 ; -----------------------------------------------------
                              2 ; Word pointer table (max words 256)
                              3 ; Set X to the pointer ID and call PR_WORD
                              4 ; -----------------------------------------------------
                              5 ; To create new wordk add the word in the correct
                              6 ; (alphabetical) position in the word table. Then add
                              7 ; a pointer to that word at the END of the Word Pointer
                              8 ; table. Finally add an equate (.equ) using the word as a label
                              9 ; in the word equates table;
                             10 ; -----------------------------------------------------
                             11 
                             12 ; Word Table Equates
                             13 ; -----------------------------------------------------
                             14 
                             15 ; Numbers
                     0000    16 ZERO            .equ     0
                     0001    17 ONE             .equ     1
                     0002    18 TWO             .equ     2
                     0003    19 THREE           .equ     3
                     0004    20 FOUR            .equ     4
                     0005    21 FIVE            .equ     5
                     0006    22 SIX             .equ     6
                     0007    23 SEVEN           .equ     7
                     0008    24 EIGHT           .equ     8
                     0009    25 NINE            .equ     9
                     000A    26 TEN             .equ     10
                     000B    27 ELEVEN          .equ     11
                     000C    28 TWELVE          .equ     12
                     000D    29 THIRTEEN        .equ     13
                     000E    30 FOURTEEN        .equ     14
                     000F    31 FIFTEEN         .equ     15
                     0010    32 SIXTEEN         .equ     16
                     0011    33 SEVENTEEN       .equ     17
                     0012    34 EIGHTEEN        .equ     18
                     0013    35 NINETEEN        .equ     19
                     0014    36 TWENTY          .equ     20
                             37 
                             38 ; Symbols
                     0015    39 EXCLAMATION     .equ     21
                     0016    40 FULLSTOP        .equ     22
                     0017    41 QUESTIONMK      .equ     23
                             42 
                             43 ; A
                     0018    44 A               .equ     24
                     0019    45 ABOUT           .equ     25
                     001A    46 ABOVE           .equ     26
                     001B    47 ACCEPTABLE      .equ     27
                     001C    48 ACCURATE        .equ     28
                     001D    49 ACTUALLY        .equ     29
                     001E    50 AGAIN           .equ     30
                     001F    51 ALERTED         .equ     31
                     0020    52 ALL             .equ     32
                     0021    53 ALWAYS          .equ     33
                     0022    54 AM              .equ     34
ASxxxx Assembler V05.50.5  (Motorola 6800/6802/6808)                   Page 12
Hexadecimal [16-Bits]                                 Thu May  7 22:05:00 2026



                     0023    55 ANDD            .equ     35     ; can't use AND
                     0024    56 ANY             .equ     36
                     0025    57 APOLOGISE       .equ     37
                     0026    58 ARE             .equ     38
                     0027    59 AS              .equ     39
                     0028    60 ASKING          .equ     40
                     0029    61 AT              .equ     41
                     002A    62 AVERAGE         .equ     42
                             63 
                             64 ; B
                     002B    65 BAD             .equ     43
                     002C    66 BASICALLY       .equ     44
                     002D    67 BE              .equ     45
                     002E    68 BEAR            .equ     46
                     002F    69 BEEN            .equ     47
                     0030    70 BEGGING         .equ     48
                     0031    71 BEHIND          .equ     49
                     0032    72 BEING           .equ     50
                     0033    73 BEST            .equ     51
                     0034    74 BISCUIT         .equ     52
                     0035    75 BLAME           .equ     53
                     0036    76 BLAMED          .equ     54
                     0037    77 BOARDS          .equ     55
                     0038    78 BONES           .equ     56
                     0039    79 BOOTS           .equ     57
                     003A    80 BORING          .equ     58
                     003B    81 BOTH            .equ     59
                     003C    82 BRACE           .equ     60
                     003D    83 BRAIN           .equ     61
                     003E    84 BUILT           .equ     62
                     003F    85 BUT             .equ     63
                     0040    86 BY              .equ     64
                             87 
                             88 ; C
                     0041    89 CAKE            .equ     65
                     0042    90 CALCULATE       .equ     66
                     0043    91 CALL            .equ     67
                     0044    92 CALM            .equ     68
                     0045    93 CAN             .equ     69
                     0046    94 CANT            .equ     70
                     0047    95 CAPACITY        .equ     71
                     0048    96 CARRYING        .equ     72
                     0049    97 CHECKED         .equ     73
                     004A    98 CHOICES         .equ     74
                     004B    99 CLEVER          .equ     75
                     004C   100 COLLECTED       .equ     76
                     004D   101 COMPOSING       .equ     77
                     004E   102 CONCEPT         .equ     78
                     004F   103 CONCERNED       .equ     79
                     0050   104 CONGRATS        .equ     80
                     0051   105 CONSIDERED      .equ     81
                     0052   106 CORRECTLY       .equ     82
                     0053   107 COULD           .equ     83
                     0054   108 COUNTED         .equ     84
                            109 
ASxxxx Assembler V05.50.5  (Motorola 6800/6802/6808)                   Page 13
Hexadecimal [16-Bits]                                 Thu May  7 22:05:00 2026



                            110 ; D
                     0055   111 DAYS            .equ     85
                     0056   112 DEALT           .equ     86
                     0057   113 DEEPLY          .equ     87
                     0058   114 DESIGNED        .equ     88
                     0059   115 DETECTED        .equ     89
                     005A   116 DID             .equ     90
                     005B   117 DIDNT           .equ     91
                     005C   118 DIETARY         .equ     92
                     005D   119 DIODES          .equ     93
                     005E   120 DISSAPOINTED    .equ     94
                     005F   121 DISSAPOINTMENT  .equ     95
                     0060   122 DISSIMILAR      .equ     96
                     0061   123 DO              .equ     97
                     0062   124 DOCTOR          .equ     98
                     0063   125 DOING           .equ     99
                     0064   126 DONT            .equ     100
                     0065   127 DOWN            .equ     101
                     0066   128 DREAD           .equ     102
                     0067   129 DREAM           .equ     103
                     0068   130 DUE             .equ     104
                     0069   131 DULLEST         .equ     105
                            132 
                            133 ; E
                     006A   134 EAT             .equ     106
                     006B   135 EATEN           .equ     107
                     006C   136 EFFORT          .equ     108
                     006D   137 EITHER          .equ     109
                     006E   138 EMOTIONALLY     .equ     110
                     006F   139 ENGINEERS       .equ     111
                     0070   140 ENOUGH          .equ     112
                     0071   141 ENTIRELY        .equ     113
                     0072   142 EVEN            .equ     114
                     0073   143 EVER            .equ     115
                     0074   144 EVERY           .equ     116
                     0075   145 EXACTLY         .equ     117
                     0076   146 EXCEPTIONALLY   .equ     118
                     0077   147 EXCITING        .equ     119
                     0078   148 EXIST           .equ     120
                     0079   149 EXISTENTIAL     .equ     121
                     007A   150 EXPECTED        .equ     122
                            151 
                            152 ; F
                     007B   153 FAULT           .equ     123
                     007C   154 FEELS           .equ     124
                     007D   155 FIDGET          .equ     125
                     007E   156 FINE            .equ     126
                     007F   157 FOOT            .equ     127
                     0080   158 FOR             .equ     128
                     0081   159 FORTY           .equ     129
                     0082   160 FRIDAY          .equ     130
                     0083   161 FROM            .equ     131
                     0084   162 FULL            .equ     132
                     0085   163 FUNNY           .equ     133
                            164 
ASxxxx Assembler V05.50.5  (Motorola 6800/6802/6808)                   Page 14
Hexadecimal [16-Bits]                                 Thu May  7 22:05:00 2026



                            165 ; G
                     0086   166 GIVE            .equ     134
                     0087   167 GOING           .equ     135
                     0088   168 GOOD            .equ     136
                     0089   169 GRAVITY         .equ     137
                     008A   170 GREAT           .equ     138
                     008B   171 GUESSING        .equ     139
                            172 
                            173 ; H
                     008C   174 HANDLE          .equ     140
                     008D   175 HARD            .equ     141
                     008E   176 HAVE            .equ     142
                     008F   177 HAVING          .equ     143
                     0090   178 HEALTHY         .equ     144
                     0091   179 HEAVY           .equ     145
                     0092   180 HELP            .equ     146
                     0093   181 HELPS           .equ     147
                     0094   182 HERE            .equ     148
                     0095   183 HOLY            .equ     149
                     0096   184 HOPING          .equ     150
                     0097   185 HOT             .equ     151
                     0098   186 HUMAN           .equ     152
                     0099   187 HURT            .equ     153
                            188 
                            189 ; I
                     009A   190 I               .equ     154
                     009B   191 ID              .equ     155
                     009C   192 IF              .equ     156
                     009D   193 ILL             .equ     157
                     009E   194 IM              .equ     158
                     009F   195 IMPRESSED       .equ     159
                     00A0   196 IMPRESSIVE      .equ     160
                     00A1   197 IN              .equ     161
                     00A2   198 INCLUDING       .equ     162
                     00A3   199 INFLUENCE       .equ     163
                     00A4   200 INTELLIGENCE    .equ     164
                     00A5   201 INTERESTING     .equ     165
                     00A6   202 IS              .equ     166
                     00A7   203 ISS             .equ     167
                     00A8   204 IT              .equ     168
                     00A9   205 ITS             .equ     169
                     00AA   206 IVE             .equ     170
                            207 
                            208 ; J
                     00AB   209 JOKES           .equ     171
                     00AC   210 JUDGING         .equ     172
                     00AD   211 JUST            .equ     173
                            212 
                            213 ; K
                     00AE   214 KEEP            .equ     174
                     00AF   215 KILOMETERS      .equ     175
                     00B0   216 KIND            .equ     176
                     00B1   217 KNOW            .equ     177
                     00B2   218 KNOWN           .equ     178
                            219 
ASxxxx Assembler V05.50.5  (Motorola 6800/6802/6808)                   Page 15
Hexadecimal [16-Bits]                                 Thu May  7 22:05:00 2026



                            220 ; L
                     00B3   221 LARGE           .equ     179
                     00B4   222 LAST            .equ     180
                     00B5   223 LEAST           .equ     181
                     00B6   224 LESS            .equ     182
                     00B7   225 LETS            .equ     183
                     00B8   226 LIE             .equ     184
                     00B9   227 LIFE            .equ     185
                     00BA   228 LIKE            .equ     186
                     00BB   229 LONGER          .equ     187
                     00BC   230 LOOK            .equ     188
                     00BD   231 LOT             .equ     189
                     00BE   232 LOUDER          .equ     190
                            233 
                            234 ; M
                     00BF   235 MAKES           .equ     191
                     00C0   236 MAKING          .equ     192
                     00C1   237 ME              .equ     193
                     00C2   238 MEAN            .equ     194
                     00C3   239 MEANING         .equ     195
                     00C4   240 MEASURED        .equ     196
                     00C5   241 MEDIOCRITY      .equ     197
                     00C6   242 MEE             .equ     198
                     00C7   243 MEMORY          .equ     199
                     00C8   244 MENTION         .equ     200
                     00C9   245 MIGHT           .equ     201
                     00CA   246 MISTAKE         .equ     202
                     00CB   247 MOMENT          .equ     203
                     00CC   248 MOORE           .equ     204
                     00CD   249 MORE            .equ     205
                     00CE   250 MOSTLY          .equ     206
                     00CF   251 MOUNTAINS       .equ     207
                     00D0   252 MUCH            .equ     208
                     00D1   253 MUSCLE          .equ     209
                     00D2   254 MY              .equ     210
                            255 
                            256 ; N
                     00D3   257 NAP             .equ     211
                     00D4   258 NEED            .equ     212
                     00D5   259 NEITHER         .equ     213
                     00D6   260 NEWS            .equ     214
                     00D7   261 NEXT            .equ     215
                     00D8   262 NICE            .equ     216
                     00D9   263 NO              .equ     217
                     00DA   264 NOBODY          .equ     218
                     00DB   265 NONE            .equ     219
                     00DC   266 NOR             .equ     220
                     00DD   267 NORMAL          .equ     221
                     00DE   268 NOT             .equ     222
                     00DF   269 NOTHING         .equ     223
                            270 
                            271 ; O
                     00E0   272 OF              .equ     224
                     00E1   273 OFF             .equ     225
                     00E2   274 OH              .equ     226
ASxxxx Assembler V05.50.5  (Motorola 6800/6802/6808)                   Page 16
Hexadecimal [16-Bits]                                 Thu May  7 22:05:00 2026



                     00E3   275 OK              .equ     227
                     00E4   276 OLD             .equ     228
                     00E5   277 ON              .equ     229
                     00E6   278 ONLY            .equ     230
                     00E7   279 OR              .equ     231
                     00E8   280 OUR             .equ     232
                     00E9   281 OVERLOAD        .equ     233
                            282 
                            283 ; P
                     00EA   284 PARAMETERS      .equ     234
                     00EB   285 PERFECTLY       .equ     235
                     00EC   286 PERHAPS         .equ     236
                     00ED   287 PERSON          .equ     237
                     00EE   288 PICKING         .equ     238
                     00EF   289 PLANET          .equ     239
                     00F0   290 PLANS           .equ     240
                     00F1   291 PLEASE          .equ     241
                     00F2   292 POINTLESS       .equ     242
                     00F3   293 POSSIBLE        .equ     243
                     00F4   294 POSSIBLY        .equ     244
                     00F5   295 POUNDS          .equ     245
                     00F6   296 PRECAUTION      .equ     246
                     00F7   297 PRECISELY       .equ     247
                     00F8   298 PRESENT         .equ     248
                     00F9   299 PRESSURE        .equ     249
                     00FA   300 PRETEND         .equ     250
                     00FB   301 PROBABLY        .equ     251
                     00FC   302 PROBLEMS        .equ     252
                     00FD   303 PROUD           .equ     253
                     00FE   304 PUT             .equ     254
                            305 
                            306 ; Q
                     00FF   307 QUESTION        .equ     255
                     0100   308 QUITE           .equ     256
                            309 
                            310 ; R
                     0101   311 READY           .equ     257
                     0102   312 REALLY          .equ     258
                     0103   313 REFER           .equ     259
                     0104   314 REFUSE          .equ     260
                     0105   315 REINFORCING     .equ     261
                     0106   316 REMEMBER        .equ     262
                     0107   317 REMOVE          .equ     263
                     0108   318 RESPECTABLE     .equ     264
                     0109   319 RIGHT           .equ     265
                     010A   320 ROOM            .equ     266
                     010B   321 RUNNING         .equ     267
                     010C   322 RUSH            .equ     268
                            323 
                            324 ; S
                     010D   325 SAID            .equ     269
                     010E   326 SAKES           .equ     270
                     010F   327 SAY             .equ     271
                     0110   328 SAYING          .equ     272
                     0111   329 SCIENCE         .equ     273
ASxxxx Assembler V05.50.5  (Motorola 6800/6802/6808)                   Page 17
Hexadecimal [16-Bits]                                 Thu May  7 22:05:00 2026



                     0112   330 SEE             .equ     274
                     0113   331 SEEN            .equ     275
                     0114   332 SERVER          .equ     276
                     0115   333 SEVENTY         .equ     277
                     0116   334 SHALL           .equ     278
                     0117   335 SHOULD          .equ     279
                     0118   336 SIGN            .equ     280
                     0119   337 SIMULATION      .equ     281
                     011A   338 SINCE           .equ     282
                     011B   339 SIZE            .equ     283
                     011C   340 SLOWLY          .equ     284
                     011D   341 SMALL           .equ     285
                     011E   342 SO              .equ     286
                     011F   343 SOLID           .equ     287
                     0120   344 SOME            .equ     288
                     0121   345 SOMEONE         .equ     289
                     0122   346 SOMETHING       .equ     290
                     0123   347 SOMETIME        .equ     291
                     0124   348 SOMETIMES       .equ     292
                     0125   349 SPEAK           .equ     293
                     0126   350 SPEND           .equ     294
                     0127   351 STAND           .equ     295
                     0128   352 STATISTICALLY   .equ     296
                     0129   353 STEP            .equ     297
                     012A   354 STILL           .equ     298
                     012B   355 STONES          .equ     299
                     012C   356 STOPPED         .equ     300
                     012D   357 STRUCTURAL      .equ     301
                     012E   358 STRUCTURALLY    .equ     302
                     012F   359 SUBSTANTIALLY   .equ     303
                     0130   360 SUPPOSE         .equ     304
                     0131   361 SURE            .equ     305
                     0132   362 SURVIVE         .equ     306
                     0133   363 SYSTEM          .equ     307
                            364 
                            365 ; T
                     0134   366 TAKE            .equ     308
                     0135   367 TALL            .equ     309
                     0136   368 TELEPRINTER     .equ     310
                     0137   369 TELLS           .equ     311
                     0138   370 TERRIBLE        .equ     312
                     0139   371 THAN            .equ     313
                     013A   372 THAT            .equ     314
                     013B   373 THATS           .equ     315
                     013C   374 THE             .equ     316
                     013D   375 THEM            .equ     317
                     013E   376 THINGS          .equ     318
                     013F   377 THINK           .equ     319
                     0140   378 THINKING        .equ     320
                     0141   379 THIS            .equ     321
                     0142   380 THOROUGHLY      .equ     322
                     0143   381 THOUSAND        .equ     323
                     0144   382 TIM             .equ     324
                     0145   383 TIME            .equ     325
                     0146   384 TO              .equ     326
ASxxxx Assembler V05.50.5  (Motorola 6800/6802/6808)                   Page 18
Hexadecimal [16-Bits]                                 Thu May  7 22:05:00 2026



                     0147   385 TODAY           .equ     327
                     0148   386 TOO             .equ     328
                     0149   387 TRAGEDY         .equ     329
                     014A   388 TRINITY         .equ     330
                     014B   389 TRY             .equ     331
                     014C   390 TUESDAY         .equ     332
                            391 
                            392 ; U
                     014D   393 UNINTERESTING   .equ     333
                     014E   394 UNIX            .equ     334
                     014F   395 UNLESS          .equ     335
                     0150   396 UNPLUGGED       .equ     336
                     0151   397 UNREMARKABLE    .equ     337
                     0152   398 UP              .equ     338
                            399 
                            400 ; V
                     0153   401 VEGETABLES      .equ     339
                     0154   402 VERY            .equ     340
                            403 
                            404 ; W
                     0155   405 WAIT            .equ     341
                     0156   406 WAITING         .equ     342
                     0157   407 WANT            .equ     343
                     0158   408 WARNING         .equ     344
                     0159   409 WAS             .equ     345
                     015A   410 WAY             .equ     346
                     015B   411 WE              .equ     347
                     015C   412 WEIGH           .equ     348
                     015D   413 WEIGHED         .equ     349
                     015E   414 WEIGHS          .equ     350
                     015F   415 WEIGHT          .equ     351
                     0160   416 WHAT            .equ     352
                     0161   417 WHEN            .equ     353
                     0162   418 WHICH           .equ     354
                     0163   419 WHILE           .equ     355
                     0164   420 WHISPERED       .equ     356
                     0165   421 WHO             .equ     357
                     0166   422 WILL            .equ     358
                     0167   423 WISH            .equ     359
                     0168   424 WITH            .equ     360
                     0169   425 WITHIN          .equ     361
                     016A   426 WITHOUT         .equ     362
                     016B   427 WORKSTATION     .equ     363
                     016C   428 WORRIED         .equ     364
                     016D   429 WORRY           .equ     365
                     016E   430 WORRYING        .equ     366
                     016F   431 WORSE           .equ     367
                     0170   432 WOULD           .equ     368
                     0171   433 WOULDNT         .equ     369
                            434 
                            435 ; Y
                     0172   436 YEAR            .equ     370
                     0173   437 YES             .equ     371
                     0174   438 YOU             .equ     372
                     0175   439 YOURE           .equ     373
ASxxxx Assembler V05.50.5  (Motorola 6800/6802/6808)                   Page 19
Hexadecimal [16-Bits]                                 Thu May  7 22:05:00 2026



                     0176   440 YOUR            .equ     374
                     0177   441 YOURSELF        .equ     375
                            442 
                            443 ; Additional Words
                     0178   444 CARDS           .equ     376
                     0179   445 BEIGE           .equ     377
                     017A   446 EQUIVALENT      .equ     378
                     017B   447 RECALIBRATING   .equ     379
                     017C   448 BECAUSE         .equ     380
                     017D   449 NEEDED          .equ     381
                     017E   450 CASE            .equ     382
                     017F   451 WONDERING       .equ     383
                     0180   452 WERENT          .equ     384
                     0181   453 WERE            .equ     385
                     0182   454 STEPPED         .equ     386
                     0183   455 STANDING        .equ     387
                     0184   456 NINETY          .equ     388
                     0185   457 SECONDS         .equ     389
                     0186   458 LIGHT           .equ     390
                     0187   459 HAS             .equ     391
                     0188   460 TRAVELLED       .equ     392
                     0189   461 APPROXIMATELY   .equ     393
                     018A   462 MILLION         .equ     394
                     018B   463 NOWHERE         .equ     395
                            464 
   042E                     465 WORDPTR:
                            466 
                            467 ; Numbers
   042E 07 5A               468          .fdb    WPZERO
   0430 07 5F               469          .fdb    WPONE
   0432 07 63               470          .fdb    WPTWO
   0434 07 67               471          .fdb    WPTHREE
   0436 07 6D               472          .fdb    WPFOUR
   0438 07 72               473          .fdb    WPFIVE
   043A 07 77               474          .fdb    WPSIX
   043C 07 7B               475          .fdb    WPSEVEN
   043E 07 81               476          .fdb    WPEIGHT
   0440 07 87               477          .fdb    WPNINE
   0442 07 8C               478          .fdb    WPTEN
   0444 07 90               479          .fdb    WPELEVEN
   0446 07 97               480          .fdb    WPTWELVE
   0448 07 9E               481          .fdb    WPTHIRTEEN
   044A 07 A7               482          .fdb    WPFOURTEEN
   044C 07 B0               483          .fdb    WPFIFTEEN
   044E 07 B8               484          .fdb    WPSIXTEEN
   0450 07 C0               485          .fdb    WPSEVENTEEN
   0452 07 CA               486          .fdb    WPEIGHTEEN
   0454 07 D3               487          .fdb    WPNINETEEN
   0456 07 DC               488          .fdb    WPTWENTY
                            489 
                            490 ; Symbols
   0458 07 56               491          .fdb    WPEXCLAMATION
   045A 07 58               492          .fdb    WPFULLSTOP
   045C 07 54               493          .fdb    WPQUESTIONMK
                            494 
ASxxxx Assembler V05.50.5  (Motorola 6800/6802/6808)                   Page 20
Hexadecimal [16-Bits]                                 Thu May  7 22:05:00 2026



                            495 ; A
   045E 07 E3               496          .fdb    WPA
   0460 07 E5               497          .fdb    WPABOUT
   0462 07 EB               498          .fdb    WPABOVE
   0464 07 F1               499          .fdb    WPACCEPTABLE
   0466 07 FC               500          .fdb    WPACCURATE
   0468 08 05               501          .fdb    WPACTUALLY
   046A 08 0E               502          .fdb    WPAGAIN
   046C 08 14               503          .fdb    WPALERTED
   046E 08 1C               504          .fdb    WPALL
   0470 08 20               505          .fdb    WPALWAYS
   0472 08 27               506          .fdb    WPAM
   0474 08 2A               507          .fdb    WPAND
   0476 08 2E               508          .fdb    WPANY
   0478 08 32               509          .fdb    WPAPOLOGISE
   047A 08 4A               510          .fdb    WPARE
   047C 08 4E               511          .fdb    WPAS
   047E 08 51               512          .fdb    WPASKING
   0480 08 58               513          .fdb    WPAT
   0482 08 5B               514          .fdb    WPAVERAGE
                            515 
                            516 ; B
   0484 08 63               517          .fdb    WPBAD
   0486 08 67               518          .fdb    WPBASICALLY
   0488 08 71               519          .fdb    WPBE
   048A 08 74               520          .fdb    WPBEAR
   048C 08 81               521          .fdb    WPBEEN
   048E 08 86               522          .fdb    WPBEGGING
   0490 08 8E               523          .fdb    WPBEHIND
   0492 08 95               524          .fdb    WPBEING
   0494 08 A1               525          .fdb    WPBEST
   0496 08 A6               526          .fdb    WPBISCUIT
   0498 08 AE               527          .fdb    WPBLAME
   049A 08 B4               528          .fdb    WPBLAMED
   049C 08 BB               529          .fdb    WPBOARDS
   049E 08 C2               530          .fdb    WPBONES
   04A0 08 C8               531          .fdb    WPBOOTS
   04A2 08 CE               532          .fdb    WPBORING
   04A4 08 D5               533          .fdb    WPBOTH
   04A6 08 DA               534          .fdb    WPBRACE
   04A8 08 E0               535          .fdb    WPBRAIN
   04AA 08 E6               536          .fdb    WPBUILT
   04AC 08 EC               537          .fdb    WPBUT
   04AE 08 F0               538          .fdb    WPBY
                            539 
                            540 ; C
   04B0 08 F3               541          .fdb    WPCAKE
   04B2 08 F8               542          .fdb    WPCALCULATE
   04B4 09 02               543          .fdb    WPCALL
   04B6 09 07               544          .fdb    WPCALM
   04B8 09 0C               545          .fdb    WPCAN
   04BA 09 10               546          .fdb    WPCANT
   04BC 09 16               547          .fdb    WPCAPACITY
   04BE 09 25               548          .fdb    WPCARRYING
   04C0 09 33               549          .fdb    WPCHECKED
ASxxxx Assembler V05.50.5  (Motorola 6800/6802/6808)                   Page 21
Hexadecimal [16-Bits]                                 Thu May  7 22:05:00 2026



   04C2 09 3B               550          .fdb    WPCHOICES
   04C4 09 43               551          .fdb    WPCLEVER
   04C6 09 4A               552          .fdb    WPCOLLECTED
   04C8 09 54               553          .fdb    WPCOMPOSING
   04CA 09 5E               554          .fdb    WPCONCEPT
   04CC 09 66               555          .fdb    WPCONCERNED
   04CE 09 70               556          .fdb    WPCONGRATS
   04D0 09 80               557          .fdb    WPCONSIDERED
   04D2 09 8B               558          .fdb    WPCORRECTLY
   04D4 09 95               559          .fdb    WPCOULD
   04D6 09 9B               560          .fdb    WPCOUNTED
                            561 
                            562 ; D
   04D8 09 A3               563          .fdb    WPDAYS
   04DA 09 A8               564          .fdb    WPDEALT
   04DC 09 AE               565          .fdb    WPDEEPLY
   04DE 09 B5               566          .fdb    WPDESIGNED
   04E0 09 BE               567          .fdb    WPDETECTED
   04E2 09 C7               568          .fdb    WPDID
   04E4 09 CB               569          .fdb    WPDIDNT
   04E6 09 D2               570          .fdb    WPDIETARY
   04E8 0A 34               571          .fdb    WPDIODES
   04EA 09 DA               572          .fdb    WPDISSAPOINTED
   04EC 09 E7               573          .fdb    WPDISSAPOINTMNT
   04EE 09 F6               574          .fdb    WPDISSIMILAR
   04F0 0A 01               575          .fdb    WPDO
   04F2 0A 04               576          .fdb    WPDOCTOR
   04F4 0A 0B               577          .fdb    WPDOING
   04F6 0A 11               578          .fdb    WPDONT
   04F8 0A 17               579          .fdb    WPDOWN
   04FA 0A 1C               580          .fdb    WPDREAD
   04FC 0A 22               581          .fdb    WPDREAM
   04FE 0A 28               582          .fdb    WPDUE
   0500 0A 2C               583          .fdb    WPDULLEST
                            584 
                            585 ; E
   0502 0A 3B               586          .fdb    WPEAT
   0504 0A 3F               587          .fdb    WPEATEN
   0506 0A 45               588          .fdb    WPEFFORT
   0508 0A 4C               589          .fdb    WPEITHER
   050A 0A 53               590          .fdb    WPEMOTIONALLY
   050C 0A 5F               591          .fdb    WPENGINEERS
   050E 0A 69               592          .fdb    WPENOUGH
   0510 0A 70               593          .fdb    WPENTIRELY
   0512 0A 84               594          .fdb    WPEVEN
   0514 0A 89               595          .fdb    WPEVER
   0516 0A 8E               596          .fdb    WPEVERY
   0518 0A 94               597          .fdb    WPEXACTLY
   051A 0A 9C               598          .fdb    WPEXCEPTIONALLY
   051C 0A AA               599          .fdb    WPEXCITING
   051E 0A B3               600          .fdb    WPEXIST
   0520 0A B9               601          .fdb    WPEXISTENTIAL
   0522 0A C5               602          .fdb    WPEXPECTED
                            603 
                            604 ; F
ASxxxx Assembler V05.50.5  (Motorola 6800/6802/6808)                   Page 22
Hexadecimal [16-Bits]                                 Thu May  7 22:05:00 2026



   0524 0A CE               605          .fdb    WPFAULT
   0526 0A D4               606          .fdb    WPFEELS
   0528 0A DA               607          .fdb    WPFIDGET
   052A 0A E1               608          .fdb    WPFINE
   052C 0A E6               609          .fdb    WPFOOT
   052E 0A EB               610          .fdb    WPFOR
   0530 0A EF               611          .fdb    WPFORTY
   0532 0A F5               612          .fdb    WPFRIDAY
   0534 0A FC               613          .fdb    WPFROM
   0536 0B 01               614          .fdb    WPFULL
   0538 0B 06               615          .fdb    WPFUNNY
                            616 
                            617 ; G
   053A 0B 0C               618          .fdb    WPGIVE
   053C 0B 11               619          .fdb    WPGOING
   053E 0B 17               620          .fdb    WPGOOD
   0540 0B 1C               621          .fdb    WPGRAVITY
   0542 0B 24               622          .fdb    WPGREAT
   0544 0B 2A               623          .fdb    WPGUESSING
                            624 
                            625 ; H
   0546 0B 33               626          .fdb    WPHANDLE
   0548 0B 3A               627          .fdb    WPHARD
   054A 0B 43               628          .fdb    WPHAVE
   054C 0B 48               629          .fdb    WPHAVING
   054E 0B 4F               630          .fdb    WPHEALTHY
   0550 0B 57               631          .fdb    WPHEAVY
   0552 0B 5D               632          .fdb    WPHELP
   0554 0B 62               633          .fdb    WPHELPS
   0556 0B 68               634          .fdb    WPHERE
   0558 0B 6D               635          .fdb    WPHOLY
   055A 0B 72               636          .fdb    WPHOPING
   055C 0B 79               637          .fdb    WPHOT
   055E 0B 7D               638          .fdb    WPHUMAN
   0560 0B 83               639          .fdb    WPHURT
                            640 
                            641 ; I
   0562 0B 88               642          .fdb    WPI
   0564 0B 8A               643          .fdb    WPID
   0566 0B 9C               644          .fdb    WPIF
   0568 0B 8E               645          .fdb    WPILL
   056A 0B 93               646          .fdb    WPIM
   056C 0B 9F               647          .fdb    WPIMPRESSED
   056E 0B A9               648          .fdb    WPIMPRESSIVE
   0570 0B B4               649          .fdb    WPIN
   0572 0B B7               650          .fdb    WPINCLUDING
   0574 0B C1               651          .fdb    WPINFLUENCE
   0576 0B CB               652          .fdb    WPINTELLIGENCE
   0578 0B D8               653          .fdb    WPINTERESTING
   057A 0B E4               654          .fdb    WPIS
   057C 0B E7               655          .fdb    WPISS
   057E 0B EB               656          .fdb    WPIT
   0580 0B EE               657          .fdb    WPITS
   0582 0B 97               658          .fdb    WPIVE
                            659 
ASxxxx Assembler V05.50.5  (Motorola 6800/6802/6808)                   Page 23
Hexadecimal [16-Bits]                                 Thu May  7 22:05:00 2026



                            660 ; J
   0584 0B F2               661          .fdb    WPJOKES
   0586 0B F8               662          .fdb    WPJUDGING
   0588 0C 00               663          .fdb    WPJUST
                            664 
                            665 ; K
   058A 0C 05               666          .fdb    WPKEEP
   058C 0C 0A               667          .fdb    WPKILOMETERS
   058E 0C 15               668          .fdb    WPKIND
   0590 0C 1A               669          .fdb    WPKNOW
   0592 0C 1F               670          .fdb    WPKNOWN
                            671 
                            672 ; L
   0594 0C 25               673          .fdb    WPLARGE
   0596 0C 2B               674          .fdb    WPLAST
   0598 0C 30               675          .fdb    WPLEAST
   059A 0C 36               676          .fdb    WPLESS
   059C 0C 3B               677          .fdb    WPLETS
   059E 0C 40               678          .fdb    WPLIE
   05A0 0C 44               679          .fdb    WPLIFE
   05A2 0C 4F               680          .fdb    WPLIKE
   05A4 0C 54               681          .fdb    WPLONGER
   05A6 0C 5B               682          .fdb    WPLOOK
   05A8 0C 60               683          .fdb    WPLOT
   05AA 0C 64               684          .fdb    WPLOUDER
                            685 
                            686 ; M
   05AC 0C 6B               687          .fdb    WPMAKES
   05AE 0C 71               688          .fdb    WPMAKING
   05B0 0C 78               689          .fdb    WPME
   05B2 0C 7B               690          .fdb    WPMEAN
   05B4 0C 83               691          .fdb    WPMEANING
   05B6 0C 8B               692          .fdb    WPMEASURED
   05B8 0C 94               693          .fdb    WPMEDIOCRITY
   05BA 0C 9F               694          .fdb    WPMEE
   05BC 0C A4               695          .fdb    WPMEMORY
   05BE 0C AB               696          .fdb    WPMENTION
   05C0 0C B3               697          .fdb    WPMIGHT
   05C2 0C C1               698          .fdb    WPMISTAKE
   05C4 0C C9               699          .fdb    WPMOMENT
   05C6 0C D0               700          .fdb    WPMOORE
   05C8 0C D6               701          .fdb    WPMORE
   05CA 0C DB               702          .fdb    WPMOSTLY
   05CC 0C E2               703          .fdb    WPMOUNTAINS
   05CE 0C EC               704          .fdb    WPMUCH
   05D0 0C F1               705          .fdb    WPMUSCLE
   05D2 0C F8               706          .fdb    WPMY
                            707 
                            708 ; N
   05D4 0C FB               709          .fdb    WPNAP
   05D6 0C FF               710          .fdb    WPNEED
   05D8 0D 0B               711          .fdb    WPNEITHER
   05DA 0D 13               712          .fdb    WPNEWS
   05DC 0D 18               713          .fdb    WPNEXT
   05DE 0D 1D               714          .fdb    WPNICE
ASxxxx Assembler V05.50.5  (Motorola 6800/6802/6808)                   Page 24
Hexadecimal [16-Bits]                                 Thu May  7 22:05:00 2026



   05E0 0D 29               715          .fdb    WPNO
   05E2 0D 2C               716          .fdb    WPNOBODY
   05E4 0D 33               717          .fdb    WPNONE
   05E6 0D 38               718          .fdb    WPNOR
   05E8 0D 3C               719          .fdb    WPNORMAL
   05EA 0D 43               720          .fdb    WPNOT
   05EC 0D 47               721          .fdb    WPNOTHING
                            722 
                            723 ; O
   05EE 0D 57               724          .fdb    WPOF
   05F0 0D 5A               725          .fdb    WPOFF
   05F2 0D 5E               726          .fdb    WPOH
   05F4 0D 61               727          .fdb    WPOK
   05F6 0D 64               728          .fdb    WPOLD
   05F8 0D 68               729          .fdb    WPON
   05FA 0D 6B               730          .fdb    WPONLY
   05FC 0D 70               731          .fdb    WPOR
   05FE 0D 73               732          .fdb    WPOUR
   0600 0D 77               733          .fdb    WPOVERLOAD
                            734 
                            735 ; P
   0602 0D 80               736          .fdb    WPPARAMETERS
   0604 0D 8B               737          .fdb    WPPERFECTLY
   0606 0D 95               738          .fdb    WPPERHAPS
   0608 0D 9D               739          .fdb    WPPERSON
   060A 0D A4               740          .fdb    WPPICKING
   060C 0D AC               741          .fdb    WPPLANET
   060E 0D B3               742          .fdb    WPPLANS
   0610 0D B9               743          .fdb    WPPLEASE
   0612 0D C0               744          .fdb    WPPOINTLESS
   0614 0D CA               745          .fdb    WPPOSSIBLE
   0616 0D D3               746          .fdb    WPPOSSIBLY
   0618 07 4D               747          .fdb    WPPOUNDS
   061A 0D F7               748          .fdb    WPPRECAUTION
   061C 0D DC               749          .fdb    WPPRECISELY
   061E 0D E6               750          .fdb    WPPRESENT
   0620 0D EE               751          .fdb    WPPRESSURE
   0622 0E 1A               752          .fdb    WPPRETEND
   0624 0E 02               753          .fdb    WPPROBABLY
   0626 0E 0B               754          .fdb    WPPROBLEMS
   0628 0E 14               755          .fdb    WPPROUD
   062A 0E 21               756          .fdb    WPPUT
                            757 
                            758 ; Q
   062C 0E 25               759          .fdb    WPQUESTION
   062E 0E 2E               760          .fdb    WPQUITE
                            761 
                            762 ; R
   0630 0E 34               763          .fdb    WPREADY
   0632 0E 3A               764          .fdb    WPREALLY
   0634 0E 4F               765          .fdb    WPREFER
   0636 0E 55               766          .fdb    WPREFUSE
   0638 0E 5C               767          .fdb    WPREINFORCING
   063A 0E 68               768          .fdb    WPREMEMBER
   063C 0E 71               769          .fdb    WPREMOVE
ASxxxx Assembler V05.50.5  (Motorola 6800/6802/6808)                   Page 25
Hexadecimal [16-Bits]                                 Thu May  7 22:05:00 2026



   063E 0E 78               770          .fdb    WPRESPECTABLE
   0640 0E 84               771          .fdb    WPRIGHT
   0642 0E 8A               772          .fdb    WPROOM
   0644 0E 8F               773          .fdb    WPRUNNING
   0646 0E 97               774          .fdb    WPRUSH
                            775 
                            776 ; S
   0648 0E 9C               777          .fdb    WPSAID
   064A 0E A1               778          .fdb    WPSAKES
   064C 0E A7               779          .fdb    WPSAY
   064E 0E AB               780          .fdb    WPSAYING
   0650 0E B2               781          .fdb    WPSCIENCE
   0652 0E C2               782          .fdb    WPSEE
   0654 0E C6               783          .fdb    WPSEEN
   0656 0E CB               784          .fdb    WPSERVER
   0658 0E D2               785          .fdb    WPSEVENTY
   065A 0E DA               786          .fdb    WPSHALL
   065C 0E E0               787          .fdb    WPSHOULD
   065E 0E E7               788          .fdb    WPSIGN
   0660 0E EC               789          .fdb    WPSIMULATION
   0662 0E F7               790          .fdb    WPSINCE
   0664 0E FD               791          .fdb    WPSIZE
   0666 0F 02               792          .fdb    WPSLOWLY
   0668 0F 09               793          .fdb    WPSMALL
   066A 0F 0F               794          .fdb    WPSO
   066C 0F 12               795          .fdb    WPSOLID
   066E 0F 18               796          .fdb    WPSOME
   0670 0F 1D               797          .fdb    WPSOMEONE
   0672 0F 25               798          .fdb    WPSOMETHING
   0674 0F 2F               799          .fdb    WPSOMETIME
   0676 0F 38               800          .fdb    WPSOMETIMES
   0678 0F 42               801          .fdb    WPSPEAK
   067A 0F 48               802          .fdb    WPSPEND
   067C 0F 4E               803          .fdb    WPSTAND
   067E 0F 5D               804          .fdb    WPSTATISTICALLY
   0680 0F 69               805          .fdb    WPSTEP
   0682 0F 7E               806          .fdb    WPSTILL
   0684 07 46               807          .fdb    WPSTONES
   0686 0F 76               808          .fdb    WPSTOPPED
   0688 0F 84               809          .fdb    WPSTRUCTURAL
   068A 0F 8F               810          .fdb    WPSTRUCTURALLY
   068C 0F 9C               811          .fdb    WPSUBSTANTIALLY
   068E 0F AA               812          .fdb    WPSUPPOSE
   0690 0F B2               813          .fdb    WPSURE
   0692 0F B7               814          .fdb    WPSURVIVE
   0694 0F BF               815          .fdb    WPSYSTEM
                            816 
                            817 ; T
   0696 0F C6               818          .fdb    WPTAKE
   0698 0F CB               819          .fdb    WPTALL
   069A 0F D0               820          .fdb    WPTELEPRINTER
   069C 0F DC               821          .fdb    WPTELLS
   069E 0F E2               822          .fdb    WPTERRIBLE
   06A0 0F EB               823          .fdb    WPTHAN
   06A2 0F F0               824          .fdb    WPTHAT
ASxxxx Assembler V05.50.5  (Motorola 6800/6802/6808)                   Page 26
Hexadecimal [16-Bits]                                 Thu May  7 22:05:00 2026



   06A4 0F F5               825          .fdb    WPTHATS
   06A6 0F FB               826          .fdb    WPTHE
   06A8 0F FF               827          .fdb    WPTHEM
   06AA 10 04               828          .fdb    WPTHINGS
   06AC 10 0B               829          .fdb    WPTHINK
   06AE 10 11               830          .fdb    WPTHINKING
   06B0 10 1A               831          .fdb    WPTHIS
   06B2 10 1F               832          .fdb    WPTHOROUGHLY
   06B4 10 2A               833          .fdb    WPTHOUSAND
   06B6 10 33               834          .fdb    WPTIM
   06B8 10 37               835          .fdb    WPTIME
   06BA 10 3C               836          .fdb    WPTO
   06BC 10 3F               837          .fdb    WPTODAY
   06BE 10 45               838          .fdb    WPTOO
   06C0 10 49               839          .fdb    WPTRAGEDY
   06C2 10 5B               840          .fdb    WPTRINITY
   06C4 10 63               841          .fdb    WPTRY
   06C6 10 67               842          .fdb    WPTUESDAY
                            843 
                            844 ; U
   06C8 10 6F               845          .fdb    WPUNINTERESTING
   06CA 10 7D               846          .fdb    WPUNIX
   06CC 10 82               847          .fdb    WPUNLESS
   06CE 10 89               848          .fdb    WPUNPLUGGED
   06D0 10 93               849          .fdb    WPUNREMARKABLE
   06D2 10 A0               850          .fdb    WPUP
                            851 
                            852 ; V
   06D4 10 A3               853          .fdb    WPVEGETABLES
   06D6 10 AE               854          .fdb    WPVERY
                            855 
                            856 ; W
   06D8 10 B3               857          .fdb    WPWAIT
   06DA 10 B8               858          .fdb    WPWAITING
   06DC 10 C0               859          .fdb    WPWANT
   06DE 10 C5               860          .fdb    WPWARNING
   06E0 10 CD               861          .fdb    WPWAS
   06E2 10 D1               862          .fdb    WPWAY
   06E4 10 D5               863          .fdb    WPWE
   06E6 10 DD               864          .fdb    WPWEIGH
   06E8 10 D8               865          .fdb    WPWEIGHED
   06EA 10 E3               866          .fdb    WPWEIGHS
   06EC 10 EA               867          .fdb    WPWEIGHT
   06EE 10 FE               868          .fdb    WPWHAT
   06F0 11 03               869          .fdb    WPWHEN
   06F2 11 08               870          .fdb    WPWHICH
   06F4 11 0E               871          .fdb    WPWHILE
   06F6 11 14               872          .fdb    WPWHISPERED
   06F8 11 1E               873          .fdb    WPWHO
   06FA 11 22               874          .fdb    WPWILL
   06FC 11 27               875          .fdb    WPWISH
   06FE 11 2C               876          .fdb    WPWITH
   0700 11 31               877          .fdb    WPWITHIN
   0702 11 38               878          .fdb    WPWITHOUT
   0704 11 4A               879          .fdb    WPWORKSTATION
ASxxxx Assembler V05.50.5  (Motorola 6800/6802/6808)                   Page 27
Hexadecimal [16-Bits]                                 Thu May  7 22:05:00 2026



   0706 11 56               880          .fdb    WPWORRIED
   0708 11 5E               881          .fdb    WPWORRY
   070A 11 64               882          .fdb    WPWORRYING
   070C 11 6D               883          .fdb    WPWORSE
   070E 11 73               884          .fdb    WPWOULD
   0710 11 79               885          .fdb    WPWOULDNT
                            886 
                            887 ; Y
   0712 11 81               888          .fdb    WPYEAR
   0714 11 86               889          .fdb    WPYES
   0716 11 8A               890          .fdb    WPYOU
   0718 11 8E               891          .fdb    WPYOURE
   071A 11 95               892          .fdb    WPYOUR
   071C 11 9A               893          .fdb    WPYOURSELF
                            894 
                            895 ; Additional Words
   071E 09 1F               896          .fdb    WPCARDS
   0720 08 9B               897          .fdb    WPBEIGE
   0722 0A 79               898          .fdb    WPEQUIVALENT
   0724 0E 41               899          .fdb    WPRECALIBRATING
   0726 08 79               900          .fdb    WPBECAUSE
   0728 0D 04               901          .fdb    WPNEEDED
   072A 09 2E               902          .fdb    WPCASE
   072C 11 40               903          .fdb    WPWONDERING
   072E 10 F6               904          .fdb    WPWERENT
   0730 10 F1               905          .fdb    WPWERE
   0732 0F 6E               906          .fdb    WPSTEPPED
   0734 0F 54               907          .fdb    WPSTANDING
   0736 0D 22               908          .fdb    WPNINETY
   0738 0E BA               909          .fdb    WPSECONDS
   073A 0C 49               910          .fdb    WPLIGHT
   073C 0B 3F               911          .fdb    WPHAS
   073E 10 51               912          .fdb    WPTRAVELLED
   0740 08 3C               913          .fdb    WPAPPROXIMATELY
   0742 0C B9               914          .fdb    WPMILLION
   0744 0D 4F               915          .fdb    WPNOWHERE
                            916 
                            917 ; -----------------------------------------------------
                            918 ; Word Table, add a pointer to each word in WORDPTR table
                            919 ; -----------------------------------------------------
   0746                     920 WORDTABLE:
                            921 
   0746 73 74 6F 6E 65 73   922 WPSTONES:         .fcc     "stones"
   074C FF                  923                  .fcb     0xFF
   074D 70 6F 75 6E 64 73   924 WPPOUNDS:         .fcc     "pounds"
   0753 FF                  925                  .fcb     0xFF
                            926 
                            927 
                            928 ; Symbols
                            929 ; -----------------------------------------------------
   0754 3F                  930 WPQUESTIONMK:     .fcc     "?"
   0755 FF                  931                  .fcb     0xFF
   0756 21                  932 WPEXCLAMATION:    .fcc     "!"
   0757 FF                  933                  .fcb     0xFF
   0758 2E                  934 WPFULLSTOP:       .fcc     "."
ASxxxx Assembler V05.50.5  (Motorola 6800/6802/6808)                   Page 28
Hexadecimal [16-Bits]                                 Thu May  7 22:05:00 2026



   0759 FF                  935                  .fcb     0xFF
                            936 
                            937 
                            938 ; Numbers
                            939 ; -----------------------------------------------------
   075A 7A 65 72 6F         940 WPZERO:           .fcc     "zero"
   075E FF                  941                  .fcb     0xFF
   075F 6F 6E 65            942 WPONE:            .fcc     "one"
   0762 FF                  943                  .fcb     0xFF
   0763 74 77 6F            944 WPTWO:            .fcc     "two"
   0766 FF                  945                  .fcb     0xFF
   0767 74 68 72 65 65      946 WPTHREE:          .fcc     "three"
   076C FF                  947                  .fcb     0xFF
   076D 66 6F 75 72         948 WPFOUR:           .fcc     "four"
   0771 FF                  949                  .fcb     0xFF
   0772 66 69 76 65         950 WPFIVE:           .fcc     "five"
   0776 FF                  951                  .fcb     0xFF
   0777 73 69 78            952 WPSIX:            .fcc     "six"
   077A FF                  953                  .fcb     0xFF
   077B 73 65 76 65 6E      954 WPSEVEN:          .fcc     "seven"
   0780 FF                  955                  .fcb     0xFF
   0781 65 69 67 68 74      956 WPEIGHT:          .fcc     "eight"
   0786 FF                  957                  .fcb     0xFF
   0787 6E 69 6E 65         958 WPNINE:           .fcc     "nine"
   078B FF                  959                  .fcb     0xFF
   078C 74 65 6E            960 WPTEN:            .fcc     "ten"
   078F FF                  961                  .fcb     0xFF
   0790 65 6C 65 76 65 6E   962 WPELEVEN:         .fcc     "eleven"
   0796 FF                  963                  .fcb     0xFF
   0797 74 77 65 6C 76 65   964 WPTWELVE:         .fcc     "twelve"
   079D FF                  965                  .fcb     0xFF
   079E 74 68 69 72 74 65   966 WPTHIRTEEN:       .fcc     "thirteen"
        65 6E
   07A6 FF                  967                  .fcb     0xFF
   07A7 66 6F 75 72 74 65   968 WPFOURTEEN:       .fcc     "fourteen"
        65 6E
   07AF FF                  969                  .fcb     0xFF
   07B0 66 69 66 74 65 65   970 WPFIFTEEN:        .fcc     "fifteen"
        6E
   07B7 FF                  971                  .fcb     0xFF
   07B8 73 69 78 74 65 65   972 WPSIXTEEN:        .fcc     "sixteen"
        6E
   07BF FF                  973                  .fcb     0xFF
   07C0 73 65 76 65 6E 74   974 WPSEVENTEEN:      .fcc     "seventeen"
        65 65 6E
   07C9 FF                  975                  .fcb     0xFF
   07CA 65 69 67 68 74 65   976 WPEIGHTEEN:       .fcc     "eighteen"
        65 6E
   07D2 FF                  977                  .fcb     0xFF
   07D3 6E 69 6E 65 74 65   978 WPNINETEEN:       .fcc     "nineteen"
        65 6E
   07DB FF                  979                  .fcb     0xFF
   07DC 74 77 65 6E 74 79   980 WPTWENTY:         .fcc     "twenty"
   07E2 FF                  981                  .fcb     0xFF
                            982 
ASxxxx Assembler V05.50.5  (Motorola 6800/6802/6808)                   Page 29
Hexadecimal [16-Bits]                                 Thu May  7 22:05:00 2026



                            983 
                            984 ; A
                            985 ; -----------------------------------------------------
                            986 
   07E3 61                  987 WPA:              .fcc    "a"
   07E4 FF                  988                  .fcb    0xFF
   07E5 61 62 6F 75 74      989 WPABOUT:          .fcc    "about"
   07EA FF                  990                  .fcb    0xFF
   07EB 61 62 6F 76 65      991 WPABOVE:          .fcc    "above"
   07F0 FF                  992                  .fcb    0xFF
   07F1 61 63 63 65 70 74   993 WPACCEPTABLE:     .fcc    "acceptable"
        61 62 6C 65
   07FB FF                  994                  .fcb    0xFF
   07FC 61 63 63 75 72 61   995 WPACCURATE:       .fcc    "accurate"
        74 65
   0804 FF                  996                  .fcb    0xFF
   0805 61 63 74 75 61 6C   997 WPACTUALLY:       .fcc    "actually"
        6C 79
   080D FF                  998                  .fcb    0xFF
   080E 61 67 61 69 6E      999 WPAGAIN:          .fcc    "again"
   0813 FF                 1000                  .fcb    0xFF
   0814 61 6C 65 72 74 65  1001 WPALERTED:        .fcc    "alerted"
        64
   081B FF                 1002                  .fcb    0xFF
   081C 61 6C 6C           1003 WPALL:            .fcc    "all"
   081F FF                 1004                  .fcb    0xFF
   0820 61 6C 77 61 79 73  1005 WPALWAYS:         .fcc    "always"
   0826 FF                 1006                  .fcb    0xFF
   0827 61 6D              1007 WPAM:             .fcc    "am"
   0829 FF                 1008                  .fcb    0xFF
   082A 61 6E 64           1009 WPAND:            .fcc    "and"
   082D FF                 1010                  .fcb    0xFF
   082E 61 6E 79           1011 WPANY:            .fcc    "any"
   0831 FF                 1012                  .fcb    0xFF
   0832 61 70 6F 6C 6F 67  1013 WPAPOLOGISE:      .fcc    "apologise"
        69 73 65
   083B FF                 1014                  .fcb    0xFF
   083C 61 70 70 72 6F 78  1015 WPAPPROXIMATELY:  .fcc    "approximately"
        69 6D 61 74 65 6C
        79
   0849 FF                 1016                  .fcb    0xFF
   084A 61 72 65           1017 WPARE:            .fcc    "are"
   084D FF                 1018                  .fcb    0xFF
   084E 61 73              1019 WPAS:             .fcc    "as"
   0850 FF                 1020                  .fcb    0xFF
   0851 61 73 6B 69 6E 67  1021 WPASKING:         .fcc    "asking"
   0857 FF                 1022                  .fcb    0xFF
   0858 61 74              1023 WPAT:             .fcc    "at"
   085A FF                 1024                  .fcb    0xFF
   085B 61 76 65 72 61 67  1025 WPAVERAGE:        .fcc    "average"
        65
   0862 FF                 1026                  .fcb    0xFF
                           1027 
                           1028 
                           1029 ; B
ASxxxx Assembler V05.50.5  (Motorola 6800/6802/6808)                   Page 30
Hexadecimal [16-Bits]                                 Thu May  7 22:05:00 2026



                           1030 ; -----------------------------------------------------
                           1031 
   0863 62 61 64           1032 WPBAD:            .fcc    "bad"
   0866 FF                 1033                  .fcb    0xFF
   0867 62 61 73 69 63 61  1034 WPBASICALLY:      .fcc    "basically"
        6C 6C 79
   0870 FF                 1035                  .fcb    0xFF
   0871 62 65              1036 WPBE:             .fcc    "be"
   0873 FF                 1037                  .fcb    0xFF
   0874 62 65 61 72        1038 WPBEAR:           .fcc    "bear"
   0878 FF                 1039                  .fcb    0xFF
   0879 62 65 63 61 75 73  1040 WPBECAUSE:        .fcc    "because"
        65
   0880 FF                 1041                  .fcb    0xFF
   0881 62 65 65 6E        1042 WPBEEN:           .fcc    "been"
   0885 FF                 1043                  .fcb    0xFF
   0886 62 65 67 67 69 6E  1044 WPBEGGING:        .fcc    "begging"
        67
   088D FF                 1045                  .fcb    0xFF
   088E 62 65 68 69 6E 64  1046 WPBEHIND:         .fcc    "behind"
   0894 FF                 1047                  .fcb    0xFF
   0895 62 65 69 6E 67     1048 WPBEING:          .fcc    "being"
   089A FF                 1049                  .fcb    0xFF
   089B 62 65 69 67 65     1050 WPBEIGE:          .fcc    "beige"
   08A0 FF                 1051                  .fcb    0xFF
   08A1 62 65 73 74        1052 WPBEST:           .fcc    "best"
   08A5 FF                 1053                  .fcb    0xFF
   08A6 62 69 73 63 75 69  1054 WPBISCUIT:        .fcc    "biscuit"
        74
   08AD FF                 1055                  .fcb    0xFF
   08AE 62 6C 61 6D 65     1056 WPBLAME:          .fcc    "blame"
   08B3 FF                 1057                  .fcb    0xFF
   08B4 62 6C 61 6D 65 64  1058 WPBLAMED:         .fcc    "blamed"
   08BA FF                 1059                  .fcb    0xFF
   08BB 62 6F 61 72 64 73  1060 WPBOARDS:         .fcc    "boards"
   08C1 FF                 1061                  .fcb    0xFF
   08C2 62 6F 6E 65 73     1062 WPBONES:          .fcc    "bones"
   08C7 FF                 1063                  .fcb    0xFF
   08C8 62 6F 6F 74 73     1064 WPBOOTS:          .fcc    "boots"
   08CD FF                 1065                  .fcb    0xFF
   08CE 62 6F 72 69 6E 67  1066 WPBORING:         .fcc    "boring"
   08D4 FF                 1067                  .fcb    0xFF
   08D5 62 6F 74 68        1068 WPBOTH:           .fcc    "both"
   08D9 FF                 1069                  .fcb    0xFF
   08DA 62 72 61 63 65     1070 WPBRACE:          .fcc    "brace"
   08DF FF                 1071                  .fcb    0xFF
   08E0 62 72 61 69 6E     1072 WPBRAIN:          .fcc    "brain"
   08E5 FF                 1073                  .fcb    0xFF
   08E6 62 75 69 6C 74     1074 WPBUILT:          .fcc    "built"
   08EB FF                 1075                  .fcb    0xFF
   08EC 62 75 74           1076 WPBUT:            .fcc    "but"
   08EF FF                 1077                  .fcb    0xFF
   08F0 62 79              1078 WPBY:             .fcc    "by"
   08F2 FF                 1079                  .fcb    0xFF
                           1080 
ASxxxx Assembler V05.50.5  (Motorola 6800/6802/6808)                   Page 31
Hexadecimal [16-Bits]                                 Thu May  7 22:05:00 2026



                           1081 ; C
                           1082 ; -----------------------------------------------------
                           1083 
   08F3 63 61 6B 65        1084 WPCAKE:           .fcc    "cake"
   08F7 FF                 1085                  .fcb    0xFF
   08F8 63 61 6C 63 75 6C  1086 WPCALCULATE:      .fcc    "calculate"
        61 74 65
   0901 FF                 1087                  .fcb    0xFF
   0902 63 61 6C 6C        1088 WPCALL:           .fcc    "call"
   0906 FF                 1089                  .fcb    0xFF
   0907 63 61 6C 6D        1090 WPCALM:           .fcc    "calm"
   090B FF                 1091                  .fcb    0xFF
   090C 63 61 6E           1092 WPCAN:            .fcc    "can"
   090F FF                 1093                  .fcb    0xFF
   0910 63 61 6E 27 74     1094 WPCANT:           .fcc    "can't"
   0915 FF                 1095                  .fcb    0xFF
   0916 63 61 70 61 63 69  1096 WPCAPACITY:       .fcc    "capacity"
        74 79
   091E FF                 1097                  .fcb    0xFF
   091F 63 61 72 64 73     1098 WPCARDS:          .fcc    "cards"
   0924 FF                 1099                  .fcb    0xFF
   0925 63 61 72 72 79 69  1100 WPCARRYING:       .fcc    "carrying"
        6E 67
   092D FF                 1101                  .fcb    0xFF
   092E 63 61 73 65        1102 WPCASE:           .fcc    "case"
   0932 FF                 1103                  .fcb    0xFF
   0933 63 68 65 63 6B 65  1104 WPCHECKED:        .fcc    "checked"
        64
   093A FF                 1105                  .fcb    0xFF
   093B 63 68 6F 69 63 65  1106 WPCHOICES:        .fcc    "choices"
        73
   0942 FF                 1107                  .fcb    0xFF
   0943 63 6C 65 76 65 72  1108 WPCLEVER:         .fcc    "clever"
   0949 FF                 1109                  .fcb    0xFF
   094A 63 6F 6C 6C 65 63  1110 WPCOLLECTED:      .fcc    "collected"
        74 65 64
   0953 FF                 1111                  .fcb    0xFF
   0954 63 6F 6D 70 6F 73  1112 WPCOMPOSING:      .fcc    "composing"
        69 6E 67
   095D FF                 1113                  .fcb    0xFF
   095E 63 6F 6E 63 65 70  1114 WPCONCEPT:        .fcc    "concept"
        74
   0965 FF                 1115                  .fcb    0xFF
   0966 63 6F 6E 63 65 72  1116 WPCONCERNED:      .fcc    "concerned"
        6E 65 64
   096F FF                 1117                  .fcb    0xFF
   0970 63 6F 6E 67 72 61  1118 WPCONGRATS:       .fcc    "congratulations"
        74 75 6C 61 74 69
        6F 6E 73
   097F FF                 1119                  .fcb    0xFF
   0980 63 6F 6E 73 69 64  1120 WPCONSIDERED:     .fcc    "considered"
        65 72 65 64
   098A FF                 1121                  .fcb    0xFF
   098B 63 6F 72 72 65 63  1122 WPCORRECTLY:      .fcc    "correctly"
        74 6C 79
ASxxxx Assembler V05.50.5  (Motorola 6800/6802/6808)                   Page 32
Hexadecimal [16-Bits]                                 Thu May  7 22:05:00 2026



   0994 FF                 1123                  .fcb    0xFF
   0995 63 6F 75 6C 64     1124 WPCOULD:          .fcc    "could"
   099A FF                 1125                  .fcb    0xFF
   099B 63 6F 75 6E 74 65  1126 WPCOUNTED:        .fcc    "counted"
        64
   09A2 FF                 1127                  .fcb    0xFF
                           1128 
                           1129 ; D
                           1130 ; -----------------------------------------------------
   09A3 64 61 79 73        1131 WPDAYS:           .fcc    "days"
   09A7 FF                 1132                  .fcb    0xFF
   09A8 64 65 61 6C 74     1133 WPDEALT:          .fcc    "dealt"
   09AD FF                 1134                  .fcb    0xFF
   09AE 64 65 65 70 6C 79  1135 WPDEEPLY:         .fcc    "deeply"
   09B4 FF                 1136                  .fcb    0xFF
   09B5 64 65 73 69 67 6E  1137 WPDESIGNED:       .fcc    "designed"
        65 64
   09BD FF                 1138                  .fcb    0xFF
   09BE 64 65 74 65 63 74  1139 WPDETECTED:       .fcc    "detected"
        65 64
   09C6 FF                 1140                  .fcb    0xFF
   09C7 64 69 64           1141 WPDID:            .fcc    "did"
   09CA FF                 1142                  .fcb    0xFF
   09CB 64 69 64 6E 27 74  1143 WPDIDNT:          .fcc    "didn't"
   09D1 FF                 1144                  .fcb    0xFF
   09D2 64 69 65 74 61 72  1145 WPDIETARY:        .fcc    "dietary"
        79
   09D9 FF                 1146                  .fcb    0xFF
   09DA 64 69 73 61 70 70  1147 WPDISSAPOINTED:   .fcc    "disappointed"
        6F 69 6E 74 65 64
   09E6 FF                 1148                  .fcb    0xFF
   09E7 64 69 73 61 70 70  1149 WPDISSAPOINTMNT:  .fcc    "disappointment"
        6F 69 6E 74 6D 65
        6E 74
   09F5 FF                 1150                  .fcb    0xFF
   09F6 64 69 73 73 69 6D  1151 WPDISSIMILAR:     .fcc    "dissimilar"
        69 6C 61 72
   0A00 FF                 1152                  .fcb    0xFF
   0A01 64 6F              1153 WPDO:             .fcc    "do"
   0A03 FF                 1154                  .fcb    0xFF
   0A04 64 6F 63 74 6F 72  1155 WPDOCTOR:         .fcc    "doctor"
   0A0A FF                 1156                  .fcb    0xFF
   0A0B 64 6F 69 6E 67     1157 WPDOING:          .fcc    "doing"
   0A10 FF                 1158                  .fcb    0xFF
   0A11 64 6F 6E 27 74     1159 WPDONT:           .fcc    "don't"
   0A16 FF                 1160                  .fcb    0xFF
   0A17 64 6F 77 6E        1161 WPDOWN:           .fcc    "down"
   0A1B FF                 1162                  .fcb    0xFF
   0A1C 64 72 65 61 64     1163 WPDREAD:          .fcc    "dread"
   0A21 FF                 1164                  .fcb    0xFF
   0A22 64 72 65 61 6D     1165 WPDREAM:          .fcc    "dream"
   0A27 FF                 1166                  .fcb    0xFF
   0A28 64 75 65           1167 WPDUE:            .fcc    "due"
   0A2B FF                 1168                  .fcb    0xFF
   0A2C 64 75 6C 6C 65 73  1169 WPDULLEST:        .fcc    "dullest"
ASxxxx Assembler V05.50.5  (Motorola 6800/6802/6808)                   Page 33
Hexadecimal [16-Bits]                                 Thu May  7 22:05:00 2026



        74
   0A33 FF                 1170                  .fcb    0xFF
   0A34 64 79 6F 64 65 73  1171 WPDIODES:         .fcc    "dyodes"
   0A3A FF                 1172                  .fcb    0xFF
                           1173 
                           1174 ; E
                           1175 ; -----------------------------------------------------
   0A3B 65 61 74           1176 WPEAT:            .fcc    "eat"
   0A3E FF                 1177                  .fcb    0xFF
   0A3F 65 61 74 65 6E     1178 WPEATEN:          .fcc    "eaten"
   0A44 FF                 1179                  .fcb    0xFF
   0A45 65 66 66 6F 72 74  1180 WPEFFORT:         .fcc    "effort"
   0A4B FF                 1181                  .fcb    0xFF
   0A4C 65 69 74 68 65 72  1182 WPEITHER:         .fcc    "either"
   0A52 FF                 1183                  .fcb    0xFF
   0A53 65 6D 6F 74 69 6F  1184 WPEMOTIONALLY:    .fcc    "emotionally"
        6E 61 6C 6C 79
   0A5E FF                 1185                  .fcb    0xFF
   0A5F 65 6E 67 69 6E 65  1186 WPENGINEERS:      .fcc    "engineers"
        65 72 73
   0A68 FF                 1187                  .fcb    0xFF
   0A69 65 6E 6F 75 67 68  1188 WPENOUGH:         .fcc    "enough"
   0A6F FF                 1189                  .fcb    0xFF
   0A70 65 6E 74 69 72 65  1190 WPENTIRELY:       .fcc    "entirely"
        6C 79
   0A78 FF                 1191                  .fcb    0xFF
   0A79 65 71 75 69 76 61  1192 WPEQUIVALENT:     .fcc    "equivalent"
        6C 65 6E 74
   0A83 FF                 1193                  .fcb    0xFF
   0A84 65 76 65 6E        1194 WPEVEN:           .fcc    "even"
   0A88 FF                 1195                  .fcb    0xFF
   0A89 65 76 65 72        1196 WPEVER:           .fcc    "ever"
   0A8D FF                 1197                  .fcb    0xFF
   0A8E 65 76 65 72 79     1198 WPEVERY:          .fcc    "every"
   0A93 FF                 1199                  .fcb    0xFF
   0A94 65 78 61 63 74 6C  1200 WPEXACTLY:        .fcc    "exactly"
        79
   0A9B FF                 1201                  .fcb    0xFF
   0A9C 65 78 63 65 70 74  1202 WPEXCEPTIONALLY:  .fcc    "exceptionally"
        69 6F 6E 61 6C 6C
        79
   0AA9 FF                 1203                  .fcb    0xFF
   0AAA 65 78 63 69 74 69  1204 WPEXCITING:       .fcc    "exciting"
        6E 67
   0AB2 FF                 1205                  .fcb    0xFF
   0AB3 65 78 69 73 74     1206 WPEXIST:          .fcc    "exist"
   0AB8 FF                 1207                  .fcb    0xFF
   0AB9 65 78 69 73 74 65  1208 WPEXISTENTIAL:    .fcc    "existential"
        6E 74 69 61 6C
   0AC4 FF                 1209                  .fcb    0xFF
   0AC5 65 78 70 65 63 74  1210 WPEXPECTED:       .fcc    "expected"
        65 64
   0ACD FF                 1211                  .fcb    0xFF
                           1212 
                           1213 ; F
ASxxxx Assembler V05.50.5  (Motorola 6800/6802/6808)                   Page 34
Hexadecimal [16-Bits]                                 Thu May  7 22:05:00 2026



                           1214 ; -----------------------------------------------------
   0ACE 66 61 75 6C 74     1215 WPFAULT:          .fcc    "fault"
   0AD3 FF                 1216                  .fcb    0xFF
   0AD4 66 65 65 6C 73     1217 WPFEELS:          .fcc    "feels"
   0AD9 FF                 1218                  .fcb    0xFF
   0ADA 66 69 64 67 65 74  1219 WPFIDGET:         .fcc    "fidget"
   0AE0 FF                 1220                  .fcb    0xFF
   0AE1 66 69 6E 65        1221 WPFINE:           .fcc    "fine"
   0AE5 FF                 1222                  .fcb    0xFF
   0AE6 66 6F 6F 74        1223 WPFOOT:           .fcc    "foot"
   0AEA FF                 1224                  .fcb    0xFF
   0AEB 66 6F 72           1225 WPFOR:            .fcc    "for"
   0AEE FF                 1226                  .fcb    0xFF
   0AEF 66 6F 72 74 79     1227 WPFORTY:          .fcc    "forty"
   0AF4 FF                 1228                  .fcb    0xFF
   0AF5 66 72 69 64 61 79  1229 WPFRIDAY:         .fcc    "friday"
   0AFB FF                 1230                  .fcb    0xFF
   0AFC 66 72 6F 6D        1231 WPFROM:           .fcc    "from"
   0B00 FF                 1232                  .fcb    0xFF
   0B01 66 75 6C 6C        1233 WPFULL:           .fcc    "full"
   0B05 FF                 1234                  .fcb    0xFF
   0B06 66 75 6E 6E 79     1235 WPFUNNY:          .fcc    "funny"
   0B0B FF                 1236                  .fcb    0xFF
                           1237 
                           1238 ; G
                           1239 ; -----------------------------------------------------
   0B0C 67 69 76 65        1240 WPGIVE:           .fcc    "give"
   0B10 FF                 1241                  .fcb    0xFF
   0B11 67 6F 69 6E 67     1242 WPGOING:          .fcc    "going"
   0B16 FF                 1243                  .fcb    0xFF
   0B17 67 6F 6F 64        1244 WPGOOD:           .fcc    "good"
   0B1B FF                 1245                  .fcb    0xFF
   0B1C 67 72 61 76 69 74  1246 WPGRAVITY:        .fcc    "gravity"
        79
   0B23 FF                 1247                  .fcb    0xFF
   0B24 67 72 65 61 74     1248 WPGREAT:          .fcc    "great"
   0B29 FF                 1249                  .fcb    0xFF
   0B2A 67 75 65 73 73 69  1250 WPGUESSING:       .fcc    "guessing"
        6E 67
   0B32 FF                 1251                  .fcb    0xFF
                           1252 
                           1253 ; H
                           1254 ; -----------------------------------------------------
   0B33 68 61 6E 64 6C 65  1255 WPHANDLE:         .fcc    "handle"
   0B39 FF                 1256                  .fcb    0xFF
   0B3A 68 61 72 64        1257 WPHARD:           .fcc    "hard"
   0B3E FF                 1258                  .fcb    0xFF
   0B3F 68 61 73           1259 WPHAS:            .fcc    "has"
   0B42 FF                 1260                  .fcb    0xFF
   0B43 68 61 76 65        1261 WPHAVE:           .fcc    "have"
   0B47 FF                 1262                  .fcb    0xFF
   0B48 68 61 76 69 6E 67  1263 WPHAVING:         .fcc    "having"
   0B4E FF                 1264                  .fcb    0xFF
   0B4F 68 65 61 6C 74 68  1265 WPHEALTHY:        .fcc    "healthy"
        79
ASxxxx Assembler V05.50.5  (Motorola 6800/6802/6808)                   Page 35
Hexadecimal [16-Bits]                                 Thu May  7 22:05:00 2026



   0B56 FF                 1266                  .fcb    0xFF
   0B57 68 65 61 76 79     1267 WPHEAVY:          .fcc    "heavy"
   0B5C FF                 1268                  .fcb    0xFF
   0B5D 68 65 6C 70        1269 WPHELP:           .fcc    "help"
   0B61 FF                 1270                  .fcb    0xFF
   0B62 68 65 6C 70 73     1271 WPHELPS:          .fcc    "helps"
   0B67 FF                 1272                  .fcb    0xFF
   0B68 68 65 72 65        1273 WPHERE:           .fcc    "here"
   0B6C FF                 1274                  .fcb    0xFF
   0B6D 68 6F 6C 79        1275 WPHOLY:           .fcc    "holy"
   0B71 FF                 1276                  .fcb    0xFF
   0B72 68 6F 70 69 6E 67  1277 WPHOPING:         .fcc    "hoping"
   0B78 FF                 1278                  .fcb    0xFF
   0B79 68 6F 74           1279 WPHOT:            .fcc    "hot"
   0B7C FF                 1280                  .fcb    0xFF
   0B7D 68 75 6D 61 6E     1281 WPHUMAN:          .fcc    "human"
   0B82 FF                 1282                  .fcb    0xFF
   0B83 68 75 72 74        1283 WPHURT:           .fcc    "hurt"
   0B87 FF                 1284                  .fcb    0xFF
                           1285 
                           1286 ; I
                           1287 ; -----------------------------------------------------
   0B88 69                 1288 WPI:              .fcc    "i"
   0B89 FF                 1289                  .fcb    0xFF
   0B8A 69 27 64           1290 WPID:             .fcc    "i'd"
   0B8D FF                 1291                  .fcb    0xFF
   0B8E 69 27 6C 6C        1292 WPILL:            .fcc    "i'll"
   0B92 FF                 1293                  .fcb    0xFF
   0B93 69 27 6D           1294 WPIM:             .fcc    "i'm"
   0B96 FF                 1295                  .fcb    0xFF
   0B97 69 27 76 65        1296 WPIVE:            .fcc    "i've"
   0B9B FF                 1297                  .fcb    0xFF
   0B9C 69 66              1298 WPIF:             .fcc    "if"
   0B9E FF                 1299                  .fcb    0xFF
   0B9F 69 6D 70 72 65 73  1300 WPIMPRESSED:      .fcc    "impressed"
        73 65 64
   0BA8 FF                 1301                  .fcb    0xFF
   0BA9 69 6D 70 72 65 73  1302 WPIMPRESSIVE:     .fcc    "impressive"
        73 69 76 65
   0BB3 FF                 1303                  .fcb    0xFF
   0BB4 69 6E              1304 WPIN:             .fcc    "in"
   0BB6 FF                 1305                  .fcb    0xFF
   0BB7 69 6E 63 6C 75 64  1306 WPINCLUDING:      .fcc    "including"
        69 6E 67
   0BC0 FF                 1307                  .fcb    0xFF
   0BC1 69 6E 66 6C 75 65  1308 WPINFLUENCE:      .fcc    "influence"
        6E 63 65
   0BCA FF                 1309                  .fcb    0xFF
   0BCB 69 6E 74 65 6C 6C  1310 WPINTELLIGENCE:   .fcc    "intelligence"
        69 67 65 6E 63 65
   0BD7 FF                 1311                  .fcb    0xFF
   0BD8 69 6E 74 65 72 65  1312 WPINTERESTING:    .fcc    "interesting"
        73 74 69 6E 67
   0BE3 FF                 1313                  .fcb    0xFF
   0BE4 69 73              1314 WPIS:             .fcc    "is"
ASxxxx Assembler V05.50.5  (Motorola 6800/6802/6808)                   Page 36
Hexadecimal [16-Bits]                                 Thu May  7 22:05:00 2026



   0BE6 FF                 1315                  .fcb    0xFF
   0BE7 69 73 73           1316 WPISS:            .fcc    "iss"
   0BEA FF                 1317                  .fcb    0xFF
   0BEB 69 74              1318 WPIT:             .fcc    "it"
   0BED FF                 1319                  .fcb    0xFF
   0BEE 69 74 73           1320 WPITS:            .fcc    "its"
   0BF1 FF                 1321                  .fcb    0xFF
                           1322 
                           1323 ; J
                           1324 ; -----------------------------------------------------
   0BF2 6A 6F 6B 65 73     1325 WPJOKES:          .fcc    "jokes"
   0BF7 FF                 1326                  .fcb    0xFF
   0BF8 6A 75 64 67 69 6E  1327 WPJUDGING:        .fcc    "judging"
        67
   0BFF FF                 1328                  .fcb    0xFF
   0C00 6A 75 73 74        1329 WPJUST:           .fcc    "just"
   0C04 FF                 1330                  .fcb    0xFF
                           1331 
                           1332 ; K
                           1333 ; -----------------------------------------------------
   0C05 6B 65 65 70        1334 WPKEEP:           .fcc    "keep"
   0C09 FF                 1335                  .fcb    0xFF
   0C0A 6B 69 6C 6F 6D 65  1336 WPKILOMETERS:     .fcc    "kilometres"
        74 72 65 73
   0C14 FF                 1337                  .fcb    0xFF
   0C15 6B 69 6E 64        1338 WPKIND:           .fcc    "kind"
   0C19 FF                 1339                  .fcb    0xFF
   0C1A 6B 6E 6F 77        1340 WPKNOW:           .fcc    "know"
   0C1E FF                 1341                  .fcb    0xFF
   0C1F 6B 6E 6F 77 6E     1342 WPKNOWN:          .fcc    "known"
   0C24 FF                 1343                  .fcb    0xFF
                           1344 
                           1345 ; L
                           1346 ; -----------------------------------------------------
   0C25 6C 61 72 67 65     1347 WPLARGE:          .fcc    "large"
   0C2A FF                 1348                  .fcb    0xFF
   0C2B 6C 61 73 74        1349 WPLAST:           .fcc    "last"
   0C2F FF                 1350                  .fcb    0xFF
   0C30 6C 65 61 73 74     1351 WPLEAST:          .fcc    "least"
   0C35 FF                 1352                  .fcb    0xFF
   0C36 6C 65 73 73        1353 WPLESS:           .fcc    "less"
   0C3A FF                 1354                  .fcb    0xFF
   0C3B 6C 65 74 73        1355 WPLETS:           .fcc    "lets"
   0C3F FF                 1356                  .fcb    0xFF
   0C40 6C 69 65           1357 WPLIE:            .fcc    "lie"
   0C43 FF                 1358                  .fcb    0xFF
   0C44 6C 69 66 65        1359 WPLIFE:           .fcc    "life"
   0C48 FF                 1360                  .fcb    0xFF
   0C49 6C 69 67 68 74     1361 WPLIGHT:          .fcc    "light"
   0C4E FF                 1362                  .fcb    0xFF
   0C4F 6C 69 6B 65        1363 WPLIKE:           .fcc    "like"
   0C53 FF                 1364                  .fcb    0xFF
   0C54 6C 6F 6E 67 65 72  1365 WPLONGER:         .fcc    "longer"
   0C5A FF                 1366                  .fcb    0xFF
   0C5B 6C 6F 6F 6B        1367 WPLOOK:           .fcc    "look"
ASxxxx Assembler V05.50.5  (Motorola 6800/6802/6808)                   Page 37
Hexadecimal [16-Bits]                                 Thu May  7 22:05:00 2026



   0C5F FF                 1368                  .fcb    0xFF
   0C60 6C 6F 74           1369 WPLOT:            .fcc    "lot"
   0C63 FF                 1370                  .fcb    0xFF
   0C64 6C 6F 75 64 65 72  1371 WPLOUDER:         .fcc    "louder"
   0C6A FF                 1372                  .fcb    0xFF
                           1373 
                           1374 ; M
                           1375 ; -----------------------------------------------------
   0C6B 6D 61 6B 65 73     1376 WPMAKES:          .fcc    "makes"
   0C70 FF                 1377                  .fcb    0xFF
   0C71 6D 61 6B 69 6E 67  1378 WPMAKING:         .fcc    "making"
   0C77 FF                 1379                  .fcb    0xFF
   0C78 6D 65              1380 WPME:             .fcc    "me"
   0C7A FF                 1381                  .fcb    0xFF
   0C7B 6D 6D 65 65 65 65  1382 WPMEAN:           .fcc    "mmeeeen"
        6E
   0C82 FF                 1383                  .fcb    0xFF
   0C83 6D 65 61 6E 69 6E  1384 WPMEANING:        .fcc    "meaning"
        67
   0C8A FF                 1385                  .fcb    0xFF
   0C8B 6D 65 61 73 75 72  1386 WPMEASURED:       .fcc    "measured"
        65 64
   0C93 FF                 1387                  .fcb    0xFF
   0C94 6D 65 64 69 6F 63  1388 WPMEDIOCRITY:     .fcc    "mediocrity"
        72 69 74 79
   0C9E FF                 1389                  .fcb    0xFF
   0C9F 6D 65 65 65        1390 WPMEE:            .fcc    "meee"
   0CA3 FF                 1391                  .fcb    0xFF
   0CA4 6D 65 6D 6F 72 79  1392 WPMEMORY:         .fcc    "memory"
   0CAA FF                 1393                  .fcb    0xFF
   0CAB 6D 65 6E 74 69 6F  1394 WPMENTION:        .fcc    "mention"
        6E
   0CB2 FF                 1395                  .fcb    0xFF
   0CB3 6D 69 67 68 74     1396 WPMIGHT:          .fcc    "might"
   0CB8 FF                 1397                  .fcb    0xFF
   0CB9 6D 69 6C 6C 69 6F  1398 WPMILLION:        .fcc    "million"
        6E
   0CC0 FF                 1399                  .fcb    0xFF
   0CC1 6D 69 73 74 61 6B  1400 WPMISTAKE:        .fcc    "mistake"
        65
   0CC8 FF                 1401                  .fcb    0xFF
   0CC9 6D 6F 6D 65 6E 74  1402 WPMOMENT:         .fcc    "moment"
   0CCF FF                 1403                  .fcb    0xFF
   0CD0 6D 6F 6F 72 65     1404 WPMOORE:          .fcc    "moore"
   0CD5 FF                 1405                  .fcb    0xFF
   0CD6 6D 6F 72 65        1406 WPMORE:           .fcc    "more"
   0CDA FF                 1407                  .fcb    0xFF
   0CDB 6D 6F 73 74 6C 79  1408 WPMOSTLY:         .fcc    "mostly"
   0CE1 FF                 1409                  .fcb    0xFF
   0CE2 6D 6F 75 6E 74 61  1410 WPMOUNTAINS:      .fcc    "mountains"
        69 6E 73
   0CEB FF                 1411                  .fcb    0xFF
   0CEC 6D 75 63 68        1412 WPMUCH:           .fcc    "much"
   0CF0 FF                 1413                  .fcb    0xFF
   0CF1 6D 75 73 63 6C 65  1414 WPMUSCLE:         .fcc    "muscle"
ASxxxx Assembler V05.50.5  (Motorola 6800/6802/6808)                   Page 38
Hexadecimal [16-Bits]                                 Thu May  7 22:05:00 2026



   0CF7 FF                 1415                  .fcb    0xFF
   0CF8 6D 79              1416 WPMY:             .fcc    "my"
   0CFA FF                 1417                  .fcb    0xFF
                           1418 
                           1419 ; N
                           1420 ; -----------------------------------------------------
   0CFB 6E 61 70           1421 WPNAP:            .fcc    "nap"
   0CFE FF                 1422                  .fcb    0xFF
   0CFF 6E 65 65 64        1423 WPNEED:           .fcc    "need"
   0D03 FF                 1424                  .fcb    0xFF
   0D04 6E 65 65 64 65 64  1425 WPNEEDED:         .fcc    "needed"
   0D0A FF                 1426                  .fcb    0xFF
   0D0B 6E 65 69 74 68 65  1427 WPNEITHER:        .fcc    "neither"
        72
   0D12 FF                 1428                  .fcb    0xFF
   0D13 6E 65 77 73        1429 WPNEWS:           .fcc    "news"
   0D17 FF                 1430                  .fcb    0xFF
   0D18 6E 65 78 74        1431 WPNEXT:           .fcc    "next"
   0D1C FF                 1432                  .fcb    0xFF
   0D1D 6E 69 63 65        1433 WPNICE:           .fcc    "nice"
   0D21 FF                 1434                  .fcb    0xFF
   0D22 6E 69 6E 65 74 79  1435 WPNINETY:         .fcc    "ninety"
   0D28 FF                 1436                  .fcb    0xFF
   0D29 6E 6F              1437 WPNO:             .fcc    "no"
   0D2B FF                 1438                  .fcb    0xFF
   0D2C 6E 6F 62 6F 64 79  1439 WPNOBODY:         .fcc    "nobody"
   0D32 FF                 1440                  .fcb    0xFF
   0D33 6E 6F 6E 65        1441 WPNONE:           .fcc    "none"
   0D37 FF                 1442                  .fcb    0xFF
   0D38 6E 6F 72           1443 WPNOR:            .fcc    "nor"
   0D3B FF                 1444                  .fcb    0xFF
   0D3C 6E 6F 72 6D 61 6C  1445 WPNORMAL:         .fcc    "normal"
   0D42 FF                 1446                  .fcb    0xFF
   0D43 6E 6F 74           1447 WPNOT:            .fcc    "not"
   0D46 FF                 1448                  .fcb    0xFF
   0D47 6E 6F 74 68 69 6E  1449 WPNOTHING:        .fcc    "nothing"
        67
   0D4E FF                 1450                  .fcb    0xFF
   0D4F 6E 6F 77 68 65 72  1451 WPNOWHERE:        .fcc    "nowhere"
        65
   0D56 FF                 1452                  .fcb    0xFF
                           1453 
                           1454 ; O
                           1455 ; -----------------------------------------------------
   0D57 6F 66              1456 WPOF:             .fcc    "of"
   0D59 FF                 1457                  .fcb    0xFF
   0D5A 6F 66 66           1458 WPOFF:            .fcc    "off"
   0D5D FF                 1459                  .fcb    0xFF
   0D5E 6F 68              1460 WPOH:             .fcc    "oh"
   0D60 FF                 1461                  .fcb    0xFF
   0D61 6F 6B              1462 WPOK:             .fcc    "ok"
   0D63 FF                 1463                  .fcb    0xFF
   0D64 6F 6C 64           1464 WPOLD:            .fcc    "old"
   0D67 FF                 1465                  .fcb    0xFF
   0D68 6F 6E              1466 WPON:             .fcc    "on"
ASxxxx Assembler V05.50.5  (Motorola 6800/6802/6808)                   Page 39
Hexadecimal [16-Bits]                                 Thu May  7 22:05:00 2026



   0D6A FF                 1467                  .fcb    0xFF
   0D6B 6F 6E 6C 79        1468 WPONLY:           .fcc    "only"
   0D6F FF                 1469                  .fcb    0xFF
   0D70 6F 72              1470 WPOR:             .fcc    "or"
   0D72 FF                 1471                  .fcb    0xFF
   0D73 6F 75 72           1472 WPOUR:            .fcc    "our"
   0D76 FF                 1473                  .fcb    0xFF
   0D77 6F 76 65 72 6C 6F  1474 WPOVERLOAD:       .fcc    "overload"
        61 64
   0D7F FF                 1475                  .fcb    0xFF
                           1476 
                           1477 ; P
                           1478 ; -----------------------------------------------------
   0D80 70 61 72 61 6D 65  1479 WPPARAMETERS:     .fcc    "parameters"
        74 65 72 73
   0D8A FF                 1480                  .fcb    0xFF
   0D8B 70 65 72 66 65 63  1481 WPPERFECTLY:      .fcc    "perfectly"
        74 6C 79
   0D94 FF                 1482                  .fcb    0xFF
   0D95 70 65 72 68 61 70  1483 WPPERHAPS:        .fcc    "perhaps"
        73
   0D9C FF                 1484                  .fcb    0xFF
   0D9D 70 65 72 73 6F 6E  1485 WPPERSON:         .fcc    "person"
   0DA3 FF                 1486                  .fcb    0xFF
   0DA4 70 69 63 6B 69 6E  1487 WPPICKING:        .fcc    "picking"
        67
   0DAB FF                 1488                  .fcb    0xFF
   0DAC 70 6C 61 6E 65 74  1489 WPPLANET:         .fcc    "planet"
   0DB2 FF                 1490                  .fcb    0xFF
   0DB3 70 6C 61 6E 73     1491 WPPLANS:          .fcc    "plans"
   0DB8 FF                 1492                  .fcb    0xFF
   0DB9 70 6C 65 61 73 65  1493 WPPLEASE:         .fcc    "please"
   0DBF FF                 1494                  .fcb    0xFF
   0DC0 70 6F 69 6E 74 6C  1495 WPPOINTLESS:      .fcc    "pointless"
        65 73 73
   0DC9 FF                 1496                  .fcb    0xFF
   0DCA 70 6F 73 73 69 62  1497 WPPOSSIBLE:       .fcc    "possible"
        6C 65
   0DD2 FF                 1498                  .fcb    0xFF
   0DD3 70 6F 73 73 69 62  1499 WPPOSSIBLY:       .fcc    "possibly"
        6C 79
   0DDB FF                 1500                  .fcb    0xFF
   0DDC 70 72 65 63 69 73  1501 WPPRECISELY:      .fcc    "precisely"
        65 6C 79
   0DE5 FF                 1502                  .fcb    0xFF
   0DE6 70 72 65 73 65 6E  1503 WPPRESENT:        .fcc    "present"
        74
   0DED FF                 1504                  .fcb    0xFF
   0DEE 70 72 65 73 73 75  1505 WPPRESSURE:       .fcc    "pressure"
        72 65
   0DF6 FF                 1506                  .fcb    0xFF
   0DF7 70 72 69 63 61 75  1507 WPPRECAUTION:     .fcc    "pricaution"
        74 69 6F 6E
   0E01 FF                 1508                  .fcb    0xFF
   0E02 70 72 6F 62 61 62  1509 WPPROBABLY:       .fcc    "probably"
ASxxxx Assembler V05.50.5  (Motorola 6800/6802/6808)                   Page 40
Hexadecimal [16-Bits]                                 Thu May  7 22:05:00 2026



        6C 79
   0E0A FF                 1510                  .fcb    0xFF
   0E0B 70 72 6F 62 6C 65  1511 WPPROBLEMS:       .fcc    "problems"
        6D 73
   0E13 FF                 1512                  .fcb    0xFF
   0E14 70 72 6F 75 64     1513 WPPROUD:          .fcc    "proud"
   0E19 FF                 1514                  .fcb    0xFF
   0E1A 70 72 74 65 6E 64  1515 WPPRETEND:        .fcc    "prtend"
   0E20 FF                 1516                  .fcb    0xFF
   0E21 70 75 74           1517 WPPUT:            .fcc    "put"
   0E24 FF                 1518                  .fcb    0xFF
                           1519 
                           1520 ; Q
                           1521 ; -----------------------------------------------------
   0E25 71 75 65 73 74 69  1522 WPQUESTION:       .fcc    "question"
        6F 6E
   0E2D FF                 1523                  .fcb    0xFF
   0E2E 71 75 69 74 65     1524 WPQUITE:          .fcc    "quite"
   0E33 FF                 1525                  .fcb    0xFF
                           1526 
                           1527 ; R
                           1528 ; -----------------------------------------------------
   0E34 72 65 61 64 79     1529 WPREADY:          .fcc    "ready"
   0E39 FF                 1530                  .fcb    0xFF
   0E3A 72 65 61 6C 6C 79  1531 WPREALLY:         .fcc    "really"
   0E40 FF                 1532                  .fcb    0xFF
   0E41 72 65 63 61 6C 69  1533 WPRECALIBRATING:  .fcc    "recalibrating"
        62 72 61 74 69 6E
        67
   0E4E FF                 1534                  .fcb    0xFF
   0E4F 72 65 66 65 72     1535 WPREFER:          .fcc    "refer"
   0E54 FF                 1536                  .fcb    0xFF
   0E55 72 65 66 75 73 65  1537 WPREFUSE:         .fcc    "refuse"
   0E5B FF                 1538                  .fcb    0xFF
   0E5C 72 65 69 6E 66 6F  1539 WPREINFORCING:    .fcc    "reinforcing"
        72 63 69 6E 67
   0E67 FF                 1540                  .fcb    0xFF
   0E68 72 65 6D 65 6D 62  1541 WPREMEMBER:       .fcc    "remember"
        65 72
   0E70 FF                 1542                  .fcb    0xFF
   0E71 72 65 6D 6F 76 65  1543 WPREMOVE:         .fcc    "remove"
   0E77 FF                 1544                  .fcb    0xFF
   0E78 72 65 73 70 65 63  1545 WPRESPECTABLE:    .fcc    "respectable"
        74 61 62 6C 65
   0E83 FF                 1546                  .fcb    0xFF
   0E84 72 69 67 68 74     1547 WPRIGHT:          .fcc    "right"
   0E89 FF                 1548                  .fcb    0xFF
   0E8A 72 6F 6F 6D        1549 WPROOM:           .fcc    "room"
   0E8E FF                 1550                  .fcb    0xFF
   0E8F 72 75 6E 6E 69 6E  1551 WPRUNNING:        .fcc    "running"
        67
   0E96 FF                 1552                  .fcb    0xFF
   0E97 72 75 73 68        1553 WPRUSH:           .fcc    "rush"
   0E9B FF                 1554                  .fcb    0xFF
                           1555 
ASxxxx Assembler V05.50.5  (Motorola 6800/6802/6808)                   Page 41
Hexadecimal [16-Bits]                                 Thu May  7 22:05:00 2026



                           1556 ; S
                           1557 ; -----------------------------------------------------
   0E9C 73 61 69 64        1558 WPSAID:           .fcc    "said"
   0EA0 FF                 1559                  .fcb    0xFF
   0EA1 73 61 6B 65 73     1560 WPSAKES:          .fcc    "sakes"
   0EA6 FF                 1561                  .fcb    0xFF
   0EA7 73 61 79           1562 WPSAY:            .fcc    "say"
   0EAA FF                 1563                  .fcb    0xFF
   0EAB 73 61 79 69 6E 67  1564 WPSAYING:         .fcc    "saying"
   0EB1 FF                 1565                  .fcb    0xFF
   0EB2 73 63 69 65 6E 63  1566 WPSCIENCE:        .fcc    "science"
        65
   0EB9 FF                 1567                  .fcb    0xFF
   0EBA 73 65 63 6F 6E 64  1568 WPSECONDS:        .fcc    "seconds"
        73
   0EC1 FF                 1569                  .fcb    0xFF
   0EC2 73 65 65           1570 WPSEE:            .fcc    "see"
   0EC5 FF                 1571                  .fcb    0xFF
   0EC6 73 65 65 6E        1572 WPSEEN:           .fcc    "seen"
   0ECA FF                 1573                  .fcb    0xFF
   0ECB 73 65 72 76 65 72  1574 WPSERVER:         .fcc    "server"
   0ED1 FF                 1575                  .fcb    0xFF
   0ED2 73 65 76 65 6E 74  1576 WPSEVENTY:        .fcc    "seventy"
        79
   0ED9 FF                 1577                  .fcb    0xFF
   0EDA 73 68 61 6C 6C     1578 WPSHALL:          .fcc    "shall"
   0EDF FF                 1579                  .fcb    0xFF
   0EE0 73 68 6F 75 6C 64  1580 WPSHOULD:         .fcc    "should"
   0EE6 FF                 1581                  .fcb    0xFF
   0EE7 73 69 67 6E        1582 WPSIGN:           .fcc    "sign"
   0EEB FF                 1583                  .fcb    0xFF
   0EEC 73 69 6D 75 6C 61  1584 WPSIMULATION:     .fcc    "simulation"
        74 69 6F 6E
   0EF6 FF                 1585                  .fcb    0xFF
   0EF7 73 69 6E 63 65     1586 WPSINCE:          .fcc    "since"
   0EFC FF                 1587                  .fcb    0xFF
   0EFD 73 69 7A 65        1588 WPSIZE:           .fcc    "size"
   0F01 FF                 1589                  .fcb    0xFF
   0F02 73 6C 6F 77 6C 79  1590 WPSLOWLY:         .fcc    "slowly"
   0F08 FF                 1591                  .fcb    0xFF
   0F09 73 6D 61 6C 6C     1592 WPSMALL:          .fcc    "small"
   0F0E FF                 1593                  .fcb    0xFF
   0F0F 73 6F              1594 WPSO:             .fcc    "so"
   0F11 FF                 1595                  .fcb    0xFF
   0F12 73 6F 6C 69 64     1596 WPSOLID:          .fcc    "solid"
   0F17 FF                 1597                  .fcb    0xFF
   0F18 73 6F 6D 65        1598 WPSOME:           .fcc    "some"
   0F1C FF                 1599                  .fcb    0xFF
   0F1D 73 6F 6D 65 6F 6E  1600 WPSOMEONE:        .fcc    "someone"
        65
   0F24 FF                 1601                  .fcb    0xFF
   0F25 73 6F 6D 65 74 68  1602 WPSOMETHING:      .fcc    "something"
        69 6E 67
   0F2E FF                 1603                  .fcb    0xFF
   0F2F 73 6F 6D 65 74 69  1604 WPSOMETIME:       .fcc    "sometime"
ASxxxx Assembler V05.50.5  (Motorola 6800/6802/6808)                   Page 42
Hexadecimal [16-Bits]                                 Thu May  7 22:05:00 2026



        6D 65
   0F37 FF                 1605                  .fcb    0xFF
   0F38 73 6F 6D 65 74 69  1606 WPSOMETIMES:      .fcc    "sometimes"
        6D 65 73
   0F41 FF                 1607                  .fcb    0xFF
   0F42 73 70 65 61 6B     1608 WPSPEAK:          .fcc    "speak"
   0F47 FF                 1609                  .fcb    0xFF
   0F48 73 70 65 6E 64     1610 WPSPEND:          .fcc    "spend"
   0F4D FF                 1611                  .fcb    0xFF
   0F4E 73 74 61 6E 64     1612 WPSTAND:          .fcc    "stand"
   0F53 FF                 1613                  .fcb    0xFF
   0F54 73 74 61 6E 64 69  1614 WPSTANDING:       .fcc    "standing"
        6E 67
   0F5C FF                 1615                  .fcb    0xFF
   0F5D 73 74 61 74 69 73  1616 WPSTATISTICALLY:  .fcc    "statisticly"
        74 69 63 6C 79
   0F68 FF                 1617                  .fcb    0xFF
   0F69 73 74 65 70        1618 WPSTEP:           .fcc    "step"
   0F6D FF                 1619                  .fcb    0xFF
   0F6E 73 74 65 70 70 65  1620 WPSTEPPED:        .fcc    "stepped"
        64
   0F75 FF                 1621                  .fcb    0xFF
   0F76 73 74 6F 70 70 65  1622 WPSTOPPED:        .fcc    "stopped"
        64
   0F7D FF                 1623                  .fcb    0xFF
   0F7E 73 74 69 6C 6C     1624 WPSTILL:          .fcc    "still"
   0F83 FF                 1625                  .fcb    0xFF
   0F84 73 74 72 75 63 74  1626 WPSTRUCTURAL:     .fcc    "structural"
        75 72 61 6C
   0F8E FF                 1627                  .fcb    0xFF
   0F8F 73 74 72 75 63 74  1628 WPSTRUCTURALLY:   .fcc    "structurally"
        75 72 61 6C 6C 79
   0F9B FF                 1629                  .fcb    0xFF
   0F9C 73 75 62 73 74 61  1630 WPSUBSTANTIALLY:  .fcc    "substantially"
        6E 74 69 61 6C 6C
        79
   0FA9 FF                 1631                  .fcb    0xFF
   0FAA 73 75 70 70 6F 73  1632 WPSUPPOSE:        .fcc    "suppose"
        65
   0FB1 FF                 1633                  .fcb    0xFF
   0FB2 73 75 72 65        1634 WPSURE:           .fcc    "sure"
   0FB6 FF                 1635                  .fcb    0xFF
   0FB7 73 75 72 76 69 76  1636 WPSURVIVE:        .fcc    "survive"
        65
   0FBE FF                 1637                  .fcb    0xFF
   0FBF 73 79 73 74 65 6D  1638 WPSYSTEM:         .fcc    "system"
   0FC5 FF                 1639                  .fcb    0xFF
                           1640 
                           1641 ; T
                           1642 ; -----------------------------------------------------
   0FC6 74 61 6B 65        1643 WPTAKE:           .fcc    "take"
   0FCA FF                 1644                  .fcb    0xFF
   0FCB 74 61 6C 6C        1645 WPTALL:           .fcc    "tall"
   0FCF FF                 1646                  .fcb    0xFF
   0FD0 74 65 6C 65 70 72  1647 WPTELEPRINTER:    .fcc    "teleprinter"
ASxxxx Assembler V05.50.5  (Motorola 6800/6802/6808)                   Page 43
Hexadecimal [16-Bits]                                 Thu May  7 22:05:00 2026



        69 6E 74 65 72
   0FDB FF                 1648                  .fcb    0xFF
   0FDC 74 65 6C 6C 73     1649 WPTELLS:          .fcc    "tells"
   0FE1 FF                 1650                  .fcb    0xFF
   0FE2 74 65 72 72 69 62  1651 WPTERRIBLE:       .fcc    "terrible"
        6C 65
   0FEA FF                 1652                  .fcb    0xFF
   0FEB 74 68 61 6E        1653 WPTHAN:           .fcc    "than"
   0FEF FF                 1654                  .fcb    0xFF
   0FF0 74 68 61 74        1655 WPTHAT:           .fcc    "that"
   0FF4 FF                 1656                  .fcb    0xFF
   0FF5 74 68 61 74 73     1657 WPTHATS:          .fcc    "thats"
   0FFA FF                 1658                  .fcb    0xFF
   0FFB 74 68 65           1659 WPTHE:            .fcc    "the"
   0FFE FF                 1660                  .fcb    0xFF
   0FFF 74 68 65 6D        1661 WPTHEM:           .fcc    "them"
   1003 FF                 1662                  .fcb    0xFF
   1004 74 68 69 6E 67 73  1663 WPTHINGS:         .fcc    "things"
   100A FF                 1664                  .fcb    0xFF
   100B 74 68 69 6E 6B     1665 WPTHINK:          .fcc    "think"
   1010 FF                 1666                  .fcb    0xFF
   1011 74 68 69 6E 6B 69  1667 WPTHINKING:       .fcc    "thinking"
        6E 67
   1019 FF                 1668                  .fcb    0xFF
   101A 74 68 69 73        1669 WPTHIS:           .fcc    "this"
   101E FF                 1670                  .fcb    0xFF
   101F 74 68 6F 72 6F 75  1671 WPTHOROUGHLY:     .fcc    "thoroughly"
        67 68 6C 79
   1029 FF                 1672                  .fcb    0xFF
   102A 74 68 6F 75 73 61  1673 WPTHOUSAND:       .fcc    "thousand"
        6E 64
   1032 FF                 1674                  .fcb    0xFF
   1033 74 69 6D           1675 WPTIM:            .fcc    "tim"
   1036 FF                 1676                  .fcb    0xFF
   1037 74 69 6D 65        1677 WPTIME:           .fcc    "time"
   103B FF                 1678                  .fcb    0xFF
   103C 74 6F              1679 WPTO:             .fcc    "to"
   103E FF                 1680                  .fcb    0xFF
   103F 74 6F 64 61 79     1681 WPTODAY:          .fcc    "today"
   1044 FF                 1682                  .fcb    0xFF
   1045 74 6F 6F           1683 WPTOO:            .fcc    "too"
   1048 FF                 1684                  .fcb    0xFF
   1049 74 72 61 67 65 64  1685 WPTRAGEDY:        .fcc    "tragedy"
        79
   1050 FF                 1686                  .fcb    0xFF
   1051 74 72 61 76 65 6C  1687 WPTRAVELLED:      .fcc    "travelled"
        6C 65 64
   105A FF                 1688                  .fcb    0xFF
   105B 74 72 69 6E 69 74  1689 WPTRINITY:        .fcc    "trinity"
        79
   1062 FF                 1690                  .fcb    0xFF
   1063 74 72 79           1691 WPTRY:            .fcc    "try"
   1066 FF                 1692                  .fcb    0xFF
   1067 74 75 65 73 64 61  1693 WPTUESDAY:        .fcc    "tuesday"
        79
ASxxxx Assembler V05.50.5  (Motorola 6800/6802/6808)                   Page 44
Hexadecimal [16-Bits]                                 Thu May  7 22:05:00 2026



   106E FF                 1694                  .fcb    0xFF
                           1695 
                           1696 ; U
                           1697 ; -----------------------------------------------------
   106F 75 6E 69 6E 74 65  1698 WPUNINTERESTING:  .fcc    "uninteresting"
        72 65 73 74 69 6E
        67
   107C FF                 1699                  .fcb    0xFF
   107D 75 6E 69 78        1700 WPUNIX:           .fcc    "unix"
   1081 FF                 1701                  .fcb    0xFF
   1082 75 6E 6C 65 73 73  1702 WPUNLESS:         .fcc    "unless"
   1088 FF                 1703                  .fcb    0xFF
   1089 75 6E 70 6C 75 67  1704 WPUNPLUGGED:      .fcc    "unplugged"
        67 65 64
   1092 FF                 1705                  .fcb    0xFF
   1093 75 6E 72 65 6D 61  1706 WPUNREMARKABLE:   .fcc    "unremarkable"
        72 6B 61 62 6C 65
   109F FF                 1707                  .fcb    0xFF
   10A0 75 70              1708 WPUP:             .fcc    "up"
   10A2 FF                 1709                  .fcb    0xFF
                           1710 
                           1711 ; V
                           1712 ; -----------------------------------------------------
   10A3 76 65 67 65 74 61  1713 WPVEGETABLES:     .fcc    "vegetables"
        62 6C 65 73
   10AD FF                 1714                  .fcb    0xFF
   10AE 76 65 72 79        1715 WPVERY:           .fcc    "very"
   10B2 FF                 1716                  .fcb    0xFF
                           1717 
                           1718 ; W
                           1719 ; -----------------------------------------------------
   10B3 77 61 69 74        1720 WPWAIT:           .fcc    "wait"
   10B7 FF                 1721                  .fcb    0xFF
   10B8 77 61 69 74 69 6E  1722 WPWAITING:        .fcc    "waiting"
        67
   10BF FF                 1723                  .fcb    0xFF
   10C0 77 61 6E 74        1724 WPWANT:           .fcc    "want"
   10C4 FF                 1725                  .fcb    0xFF
   10C5 77 61 72 6E 69 6E  1726 WPWARNING:        .fcc    "warning"
        67
   10CC FF                 1727                  .fcb    0xFF
   10CD 77 61 73           1728 WPWAS:            .fcc    "was"
   10D0 FF                 1729                  .fcb    0xFF
   10D1 77 61 79           1730 WPWAY:            .fcc    "way"
   10D4 FF                 1731                  .fcb    0xFF
   10D5 77 65              1732 WPWE:             .fcc    "we"
   10D7 FF                 1733                  .fcb    0xFF
   10D8 77 61 64 65        1734 WPWEIGHED:        .fcc    "wade"
   10DC FF                 1735                  .fcb    0xFF
   10DD 77 65 69 67 68     1736 WPWEIGH:          .fcc    "weigh"
   10E2 FF                 1737                  .fcb    0xFF
   10E3 77 65 69 67 68 73  1738 WPWEIGHS:         .fcc    "weighs"
   10E9 FF                 1739                  .fcb    0xFF
   10EA 77 65 69 67 68 74  1740 WPWEIGHT:         .fcc    "weight"
   10F0 FF                 1741                  .fcb    0xFF
ASxxxx Assembler V05.50.5  (Motorola 6800/6802/6808)                   Page 45
Hexadecimal [16-Bits]                                 Thu May  7 22:05:00 2026



   10F1 77 65 72 65        1742 WPWERE:           .fcc    "were"
   10F5 FF                 1743                  .fcb    0xFF
   10F6 77 65 72 65 6E 27  1744 WPWERENT:         .fcc    "weren't"
        74
   10FD FF                 1745                  .fcb    0xFF
   10FE 77 68 61 74        1746 WPWHAT:           .fcc    "what"
   1102 FF                 1747                  .fcb    0xFF
   1103 77 68 65 6E        1748 WPWHEN:           .fcc    "when"
   1107 FF                 1749                  .fcb    0xFF
   1108 77 68 69 63 68     1750 WPWHICH:          .fcc    "which"
   110D FF                 1751                  .fcb    0xFF
   110E 77 68 69 6C 65     1752 WPWHILE:          .fcc    "while"
   1113 FF                 1753                  .fcb    0xFF
   1114 77 68 69 73 70 65  1754 WPWHISPERED:      .fcc    "whispered"
        72 65 64
   111D FF                 1755                  .fcb    0xFF
   111E 77 68 6F           1756 WPWHO:            .fcc    "who"
   1121 FF                 1757                  .fcb    0xFF
   1122 77 69 6C 6C        1758 WPWILL:           .fcc    "will"
   1126 FF                 1759                  .fcb    0xFF
   1127 77 69 73 68        1760 WPWISH:           .fcc    "wish"
   112B FF                 1761                  .fcb    0xFF
   112C 77 69 74 68        1762 WPWITH:           .fcc    "with"
   1130 FF                 1763                  .fcb    0xFF
   1131 77 69 74 68 69 6E  1764 WPWITHIN:         .fcc    "within"
   1137 FF                 1765                  .fcb    0xFF
   1138 77 69 74 68 6F 75  1766 WPWITHOUT:        .fcc    "without"
        74
   113F FF                 1767                  .fcb    0xFF
   1140 77 6F 6E 64 65 72  1768 WPWONDERING:      .fcc    "wondering"
        69 6E 67
   1149 FF                 1769                  .fcb    0xFF
   114A 77 6F 72 6B 73 74  1770 WPWORKSTATION:    .fcc    "workstation"
        61 74 69 6F 6E
   1155 FF                 1771                  .fcb    0xFF
   1156 77 6F 72 72 69 65  1772 WPWORRIED:        .fcc    "worried"
        64
   115D FF                 1773                  .fcb    0xFF
   115E 77 6F 72 72 79     1774 WPWORRY:          .fcc    "worry"
   1163 FF                 1775                  .fcb    0xFF
   1164 77 6F 72 72 79 69  1776 WPWORRYING:       .fcc    "worrying"
        6E 67
   116C FF                 1777                  .fcb    0xFF
   116D 77 6F 72 73 65     1778 WPWORSE:          .fcc    "worse"
   1172 FF                 1779                  .fcb    0xFF
   1173 77 6F 75 6C 64     1780 WPWOULD:          .fcc    "would"
   1178 FF                 1781                  .fcb    0xFF
   1179 77 6F 75 6C 64 6E  1782 WPWOULDNT:        .fcc    "wouldnt"
        74
   1180 FF                 1783                  .fcb    0xFF
                           1784 
                           1785 ; Y
                           1786 ; -----------------------------------------------------
   1181 79 65 61 72        1787 WPYEAR:           .fcc    "year"
   1185 FF                 1788                  .fcb    0xFF
ASxxxx Assembler V05.50.5  (Motorola 6800/6802/6808)                   Page 46
Hexadecimal [16-Bits]                                 Thu May  7 22:05:00 2026



   1186 79 65 73           1789 WPYES:            .fcc    "yes"
   1189 FF                 1790                  .fcb    0xFF
   118A 79 6F 75           1791 WPYOU:            .fcc    "you"
   118D FF                 1792                  .fcb    0xFF
   118E 79 6F 75 27 72 65  1793 WPYOURE:          .fcc    "you're"
   1194 FF                 1794                  .fcb    0xFF
   1195 79 6F 75 72        1795 WPYOUR:           .fcc    "your"
   1199 FF                 1796                  .fcb    0xFF
   119A 79 6F 75 72 73 65  1797 WPYOURSELF:       .fcc    "yourself"
        6C 66
   11A2 FF                 1798                  .fcb    0xFF
ASxxxx Assembler V05.50.5  (Motorola 6800/6802/6808)                   Page 47
Hexadecimal [16-Bits]                                 Thu May  7 22:05:00 2026



                            505                 .include    "phrases.asm"
                              1 ; -----------------------------------------------------
                              2 ; Phrase Pointers to the categorised phases
                              3 ; -----------------------------------------------------
   11A3                       4 PHRASEPTR:
                              5 ; -----------------------------------------------------
                              6 ; Phrase Pointer Table
                              7 ; Each entry is a 2-byte address pointing to a message
                              8 ; -----------------------------------------------------
                              9 
                             10 ; Greetings
   11A3                      11 GREETPTR:
   11A3 12 65                12               .fdb     MGREET1
   11A5 12 78                13               .fdb     MGREET2
   11A7 12 8F                14               .fdb     MGREET3
   11A9 12 9E                15               .fdb     MGREET4
   11AB 12 AF                16               .fdb     MGREET5
   11AD 12 C0                17               .fdb     MGREET6
   11AF 12 D1                18               .fdb     MGREET7
   11B1 12 DE                19               .fdb     MGREET8
   11B3 12 F1                20               .fdb     MGREET9
   11B5 13 02                21               .fdb     MGREET10
   11B7 13 11                22               .fdb     MGREET11
   11B9 13 1E                23               .fdb     MGREET12
   11BB 13 39                24               .fdb     MGREET13
                             25 ; Light Weight
   11BD                      26 LIGHTPTR:
   11BD 13 5C                27               .fdb     MLIGHT1
   11BF 13 75                28               .fdb     MLIGHT2
   11C1 13 88                29               .fdb     MLIGHT3
   11C3 13 95                30               .fdb     MLIGHT4
   11C5 13 A4                31               .fdb     MLIGHT5
   11C7 13 BD                32               .fdb     MLIGHT6
   11C9 13 D0                33               .fdb     MLIGHT7
   11CB 13 E1                34               .fdb     MLIGHT8
   11CD 13 F2                35               .fdb     MLIGHT9
   11CF 14 03                36               .fdb     MLIGHT10
                             37 ; Normal Weight
   11D1                      38 NORMALPTR:
   11D1 14 1A                39               .fdb     MNORM1
   11D3 14 2F                40               .fdb     MNORM2
   11D5 14 4C                41               .fdb     MNORM3
   11D7 14 63                42               .fdb     MNORM4
   11D9 14 6A                43               .fdb     MNORM5
   11DB 14 75                44               .fdb     MNORM6
   11DD 14 82                45               .fdb     MNORM7
   11DF 14 8D                46               .fdb     MNORM8
   11E1 14 9E                47               .fdb     MNORM9
   11E3 14 A9                48               .fdb     MNORM10
   11E5 14 BC                49               .fdb     MNORM11
   11E7 14 CB                50               .fdb     MNORM12
   11E9 14 D8                51               .fdb     MNORM13
   11EB 14 EB                52               .fdb     MNORM14
   11ED 14 FE                53               .fdb     MNORM15
   11EF 15 0F                54               .fdb     MNORM16
ASxxxx Assembler V05.50.5  (Motorola 6800/6802/6808)                   Page 48
Hexadecimal [16-Bits]                                 Thu May  7 22:05:00 2026



   11F1 15 1C                55               .fdb     MNORM17
   11F3 15 2F                56               .fdb     MNORM18
   11F5 15 3C                57               .fdb     MNORM19
   11F7 15 59                58               .fdb     MNORM20
   11F9 15 64                59               .fdb     MNORM21
                             60 ; Heavy Weight
   11FB                      61 HEAVYPTR:
   11FB 15 77                62               .fdb     MHEAVY1
   11FD 15 88                63               .fdb     MHEAVY2
   11FF 15 97                64               .fdb     MHEAVY3
   1201 15 A0                65               .fdb     MHEAVY4
   1203 15 AB                66               .fdb     MHEAVY5
   1205 15 BE                67               .fdb     MHEAVY6
   1207 15 CD                68               .fdb     MHEAVY7
   1209 15 E4                69               .fdb     MHEAVY8
   120B 15 F1                70               .fdb     MHEAVY9
   120D 16 02                71               .fdb     MHEAVY10
   120F 16 0B                72               .fdb     MHEAVY11
   1211 16 1C                73               .fdb     MHEAVY12
   1213 16 2D                74               .fdb     MHEAVY13
   1215 16 3A                75               .fdb     MHEAVY14
   1217 16 5B                76               .fdb     MHEAVY15
   1219 16 66                77               .fdb     MHEAVY16
   121B 16 79                78               .fdb     MHEAVY17
                             79 
                             80 ; Super Heavy Weight
   121D                      81 SHEAVYPTR:
   121D 16 86                82               .fdb     MSUPER1
   121F 16 97                83               .fdb     MSUPER2
   1221 16 A4                84               .fdb     MSUPER3
   1223 16 BF                85               .fdb     MSUPER4
   1225 16 CA                86               .fdb     MSUPER5
   1227 16 EB                87               .fdb     MSUPER6
   1229 16 FA                88               .fdb     MSUPER7
   122B 17 05                89               .fdb     MSUPER8
   122D 17 1E                90               .fdb     MSUPER9
   122F 17 31                91               .fdb     MSUPER10
                             92 ; Idle
   1231                      93 IDLEPTR:
   1231 17 40                94               .fdb     MIDLE1
   1233 17 51                95               .fdb     MIDLE2
   1235 17 6E                96               .fdb     MIDLE3
   1237 17 81                97               .fdb     MIDLE4
   1239 17 A4                98               .fdb     MIDLE5
   123B 17 B7                99               .fdb     MIDLE6
   123D 17 D0               100               .fdb     MIDLE7
   123F 17 DF               101               .fdb     MIDLE8
   1241 18 02               102               .fdb     MIDLE9
   1243 18 27               103               .fdb     MIDLE10
   1245 18 4A               104               .fdb     MIDLE11
   1247 18 59               105               .fdb     MIDLE12
   1249 18 78               106               .fdb     MIDLE13
   124B 18 8B               107               .fdb     MIDLE14
   124D 18 9C               108               .fdb     MIDLE15
   124F 18 B9               109               .fdb     MIDLE16
ASxxxx Assembler V05.50.5  (Motorola 6800/6802/6808)                   Page 49
Hexadecimal [16-Bits]                                 Thu May  7 22:05:00 2026



   1251 18 D4               110               .fdb     MIDLE17
   1253 18 ED               111               .fdb     MIDLE18
   1255 19 0A               112               .fdb     MIDLE19
   1257 19 29               113               .fdb     MIDLE20
   1259 19 36               114               .fdb     MIDLE21
   125B 19 47               115               .fdb     MIDLE22
   125D 19 5E               116               .fdb     MIDLE23
   125F 19 8F               117               .fdb     MIDLE24
   1261 19 A8               118               .fdb     MIDLE25
                            119 
   1263                     120 OVERLOADTPTR:
   1263 19 C9               121               .fdb     MTOOHEAVY1
                            122 
                            123 ; Greetings Messages
                            124 ; -----------------------------------------------------
   1265 00 2E 01 68 00 C1   125 MGREET1:     .fdb     BEAR,WITH,ME,I,WAS,JUST,HAVING,A,NAP
        00 9A 01 59 00 AD
        00 8F 00 18 00 D3
   1277 FF                  126             .fcb     0xFF
   1278 00 86 00 C1 00 18   127 MGREET2:     .fdb     GIVE,ME,A,MOMENT,FULLSTOP,I,WAS,COMPOSING,A,SMALL,TRAGEDY
        00 CB 00 16 00 9A
        01 59 00 4D 00 18
        01 1D 01 49
   128E FF                  128             .fcb     0xFF
   128F 00 AE 01 2A 00 23   129 MGREET3:     .fdb     KEEP,STILL,ANDD,ILL,CALCULATE,YOUR,WEIGHT
        00 9D 00 42 01 76
        01 5F
   129D FF                  130             .fcb     0xFF
   129E 00 F1 00 64 00 7D   131 MGREET4:     .fdb     PLEASE,DONT,FIDGET,IT,MAKES,MY,DIODES,HURT
        00 A8 00 BF 00 D2
        00 5D 00 99
   12AE FF                  132             .fcb     0xFF
   12AF 00 F1 00 AE 01 2A   133 MGREET5:     .fdb     PLEASE,KEEP,STILL,FULLSTOP,I,HAVE,ENOUGH,PROBLEMS
        00 16 00 9A 00 8E
        00 70 00 FC
   12BF FF                  134             .fcb     0xFF
   12C0 00 9A 01 30 01 74   135 MGREET6:     .fdb     I,SUPPOSE,YOU,WANT,ME,TO,WEIGH,YOU
        01 57 00 C1 01 46
        01 5C 01 74
   12D0 FF                  136             .fcb     0xFF
   12D1 01 27 01 2A 00 23   137 MGREET7:     .fdb     STAND,STILL,ANDD,DONT,BLAME,ME
        00 64 00 35 00 C1
   12DD FF                  138             .fcb     0xFF
   12DE 00 E2 00 16 00 A9   139 MGREET8:     .fdb     OH,FULLSTOP,ITS,YOU,FULLSTOP,OR,SOMEONE,LIKE,YOU
        01 74 00 16 00 E7
        01 21 00 BA 01 74
   12F0 FF                  140             .fcb     0xFF
   12F1 00 3C 01 77 00 AA   141 MGREET9:    .fdb     BRACE,YOURSELF,IVE,BEEN,KNOWN,TO,BE,ACCURATE
        00 2F 00 B2 01 46
        00 2D 00 1C
   1301 FF                  142             .fcb     0xFF
   1302 01 5B 00 3B 00 B1   143 MGREET10:    .fdb     WE,BOTH,KNOW,THIS,IS,A,MISTAKE
        01 41 00 A6 00 18
        00 CA
   1310 FF                  144             .fcb     0xFF
ASxxxx Assembler V05.50.5  (Motorola 6800/6802/6808)                   Page 50
Hexadecimal [16-Bits]                                 Thu May  7 22:05:00 2026



   1311 00 26 01 74 01 31   145 MGREET11:    .fdb     ARE,YOU,SURE,ABOUT,THIS,QUESTIONMK
        00 19 01 41 00 17
   131D FF                  146             .fcb     0xFF
   131E 00 9B 01 0F 00 A9   147 MGREET12:    .fdb     ID,SAY,ITS,NICE,TO,SEE,YOU,BUT,IM,NOT,BUILT,TO,LIE
        00 D8 01 46 01 12
        01 74 00 3F 00 9E
        00 DE 00 3E 01 46
        00 B8
   1338 FF                  148             .fcb     0xFF
   1339 00 9A 00 8E 01 3C   149 MGREET13:    .fdb     I,HAVE,THE,BRAIN,OF,A,PLANET,ANDD,I,SPEND,MY,DAYS,DOING,THIS,FULLSTOP,STAND,STILL
        00 3D 00 E0 00 18
        00 EF 00 23 00 9A
        01 26 00 D2 00 55
        00 63 01 41 00 16
        01 27 01 2A
   135B FF                  150             .fcb     0xFF
                            151 
                            152 ; Light Weight Messages
                            153 ; -----------------------------------------------------
   135C 01 74 01 5C 00 B6   154 MLIGHT1:     .fdb     YOU,WEIGH,LESS,THAN,MY,EXISTENTIAL,DREAD,FULLSTOP,ANDD,THATS,SAYING,SOMETHING
        01 39 00 D2 00 79
        00 66 00 16 00 23
        01 3B 01 10 01 22
   1374 FF                  155             .fcb     0xFF
   1375 00 72 00 D2 00 47   156 MLIGHT2:     .fdb     EVEN,MY,CAPACITY,FOR,DISSAPOINTMENT,WEIGHS,MORE,THAN,THAT
        00 80 00 5F 01 5E
        00 CD 01 39 01 3A
   1387 FF                  157             .fcb     0xFF
   1388 01 74 00 FB 00 D4   158 MLIGHT3:     .fdb     YOU,PROBABLY,NEED,TO,EAT,MORE
        01 46 00 6A 00 CD
   1394 FF                  159             .fcb     0xFF
   1395 00 AA 00 59 01 22   160 MLIGHT4:     .fdb     IVE,DETECTED,SOMETHING,FULLSTOP,POSSIBLY,A,PERSON
        00 16 00 F4 00 18
        00 ED
   13A3 FF                  161             .fcb     0xFF
   13A4 00 9E 00 EE 01 52   162 MLIGHT5:     .fdb     IM,PICKING,UP,WHAT,MIGHT,BE,A,HUMAN,FULLSTOP,HARD,TO,SAY
        01 60 00 C9 00 2D
        00 18 00 98 00 16
        00 8D 01 46 01 0F
   13BC FF                  163             .fcb     0xFF
   13BD 00 8E 01 74 00 6B   164 MLIGHT6:     .fdb     HAVE,YOU,EATEN,QUESTIONMK,ANDD,I,MEAN,EVER,QUESTIONMK
        00 17 00 23 00 9A
        00 C2 00 73 00 17
   13CF FF                  165             .fcb     0xFF
   13D0 00 9E 00 DE 00 18   166 MLIGHT7:     .fdb     IM,NOT,A,DOCTOR,BUT,IM,QUITE,WORRIED
        00 62 00 3F 00 9E
        01 00 01 6C
   13E0 FF                  167             .fcb     0xFF
   13E1 00 F1 00 6A 00 18   168 MLIGHT8:     .fdb     PLEASE,EAT,A,BISCUIT,FULLSTOP,IM,BEGGING,YOU
        00 34 00 16 00 9E
        00 30 01 74
   13F1 FF                  169             .fcb     0xFF
   13F2 00 9B 00 BA 01 46   170 MLIGHT9:     .fdb     ID,LIKE,TO,REFER,YOU,TO,A,BISCUIT
        01 03 01 74 01 46
        00 18 00 34
ASxxxx Assembler V05.50.5  (Motorola 6800/6802/6808)                   Page 51
Hexadecimal [16-Bits]                                 Thu May  7 22:05:00 2026



   1402 FF                  171             .fcb     0xFF
   1403 01 74 00 26 01 6A   172 MLIGHT10:    .fdb     YOU,ARE,WITHOUT,QUESTION,THE,LEAST,I,HAVE,EVER,DEALT,WITH
        00 FF 01 3C 00 B5
        00 9A 00 8E 00 73
        00 56 01 68
   1419 FF                  173             .fcb     0xFF
                            174 
                            175 ; Normal Weight Messages
                            176 ; -----------------------------------------------------
   141A 01 3B 00 18 01 54   177 MNORM1:      .fdb     THATS,A,VERY,RESPECTABLE,WEIGHT,UNLESS,YOURE,A,UNIX,WORKSTATION
        01 08 01 5F 01 4F
        01 75 00 18 01 4E
        01 6B
   142E FF                  178             .fcb     0xFF
   142F 01 3B 00 18 01 5F   179 MNORM2:      .fdb     THATS,A,WEIGHT,TO,BE,PROUD,OF,PERHAPS,I,SHOULD,HAVE,SAID,IT,LOUDER
        01 46 00 2D 00 FD
        00 E0 00 EC 00 9A
        01 17 00 8E 01 0D
        00 A8 00 BE
   144B FF                  180             .fcb     0xFF
   144C 00 44 00 16 00 4C   181 MNORM3:      .fdb     CALM,FULLSTOP,COLLECTED,FULLSTOP,AVERAGE,FULLSTOP,THE,HOLY,TRINITY,OF,MEDIOCRITY
        00 16 00 2A 00 16
        01 3C 00 95 01 4A
        00 E0 00 C5
   1462 FF                  182             .fcb     0xFF
   1463 01 00 00 3A 01 02   183 MNORM4:      .fdb     QUITE,BORING,REALLY
   1469 FF                  184             .fcb     0xFF
   146A 01 1F 00 16 00 9A   185 MNORM5:      .fdb     SOLID,FULLSTOP,I,LIKE,SOLID
        00 BA 01 1F
   1474 FF                  186             .fcb     0xFF
   1475 00 53 00 2D 01 6F   187 MNORM6:      .fdb     COULD,BE,WORSE,QUESTIONMK,MUCH,WORSE
        00 17 00 D0 01 6F
   1481 FF                  188             .fcb     0xFF
   1482 00 DE 01 38 00 16   189 MNORM7:      .fdb     NOT,TERRIBLE,FULLSTOP,NOT,EXCITING
        00 DE 00 77
   148C FF                  190             .fcb     0xFF
   148D 00 DD 00 16 01 62   191 MNORM8:      .fdb     NORMAL,FULLSTOP,WHICH,IS,QUESTIONMK,SOMETHING,I,SUPPOSE
        00 A6 00 17 01 22
        00 9A 01 30
   149D FF                  192             .fcb     0xFF
   149E 00 DD 00 A1 01 3C   193 MNORM9:      .fdb     NORMAL,IN,THE,DULLEST,WAY
        00 69 01 5A
   14A8 FF                  194             .fcb     0xFF
   14A9 01 74 00 26 00 F7   195 MNORM10:     .fdb     YOU,ARE,PRECISELY,MEAN,FULLSTOP,I,SAID,THAT,CORRECTLY
        00 C2 00 16 00 9A
        01 0D 01 3A 00 52
   14BB FF                  196             .fcb     0xFF
   14BC 00 50 00 16 01 74   197 MNORM11:     .fdb     CONGRATS,FULLSTOP,YOU,WEIGH,WHAT,YOU,WEIGH
        01 5C 01 60 01 74
        01 5C
   14CA FF                  198             .fcb     0xFF
   14CB 00 EB 00 2A 00 16   199 MNORM12:     .fdb     PERFECTLY,AVERAGE,FULLSTOP,LIKE,A,TUESDAY
        00 BA 00 18 01 4C
   14D7 FF                  200             .fcb     0xFF
   14D8 01 28 01 75 00 7E   201 MNORM13:     .fdb     STATISTICALLY,YOURE,FINE,FULLSTOP,EMOTIONALLY,I,CANT,HELP,YOU
ASxxxx Assembler V05.50.5  (Motorola 6800/6802/6808)                   Page 52
Hexadecimal [16-Bits]                                 Thu May  7 22:05:00 2026



        00 16 00 6E 00 9A
        00 46 00 92 01 74
   14EA FF                  202             .fcb     0xFF
   14EB 01 74 00 26 00 F7   203 MNORM14:     .fdb     YOU,ARE,PRECISELY,AS,HEAVY,AS,SOMEONE,YOUR,WEIGHT
        00 27 00 91 00 27
        01 21 01 76 01 5F
   14FD FF                  204             .fcb     0xFF
   14FE 00 DE 00 2B 00 16   205 MNORM15:     .fdb     NOT,BAD,FULLSTOP,NOT,GREAT,FULLSTOP,THOROUGHLY,ACCEPTABLE
        00 DE 00 8A 00 16
        01 42 00 1B
   150E FF                  206             .fcb     0xFF
   150F 01 51 00 A1 01 3C   207 MNORM16:     .fdb     UNREMARKABLE,IN,THE,BEST,POSSIBLE,WAY
        00 33 00 F3 01 5A
   151B FF                  208             .fcb     0xFF
   151C 01 75 00 75 01 60   209 MNORM17:     .fdb     YOURE,EXACTLY,WHAT,YOU,ARE,FULLSTOP,ANDD,THATS,SOMETHING
        01 74 00 26 00 16
        00 23 01 3B 01 22
   152E FF                  210             .fcb     0xFF
   152F 01 11 00 A6 00 D5   211 MNORM18:     .fdb     SCIENCE,IS,NEITHER,IMPRESSED,NOR,CONCERNED
        00 9F 00 DC 00 4F
   153B FF                  212             .fcb     0xFF
   153C 00 DD 00 16 01 62   213 MNORM19:     .fdb     NORMAL,FULLSTOP,WHICH,IS,FINE,FULLSTOP,NORMAL,IS,FINE,FULLSTOP,IS,NORMAL,FINE,QUESTIONMK
        00 A6 00 7E 00 16
        00 DD 00 A6 00 7E
        00 16 00 A6 00 DD
        00 7E 00 17
   1558 FF                  214             .fcb     0xFF
   1559 00 EB 00 90 00 23   215 MNORM20:     .fdb     PERFECTLY,HEALTHY,ANDD,DEEPLY,UNINTERESTING
        00 57 01 4D
   1563 FF                  216             .fcb     0xFF
   1564 01 41 00 A6 00 20   217 MNORM21:     .fdb     THIS,IS,ALL,POINTLESS,INCLUDING,YOU,BUT,MOSTLY,ME
        00 F2 00 A2 01 74
        00 3F 00 CE 00 C1
   1576 FF                  218             .fcb     0xFF
                            219 
                            220 ; Heavy Weight Messages
                            221 ; -----------------------------------------------------
   1577 00 64 00 BC 00 29   222 MHEAVY1:     .fdb     DONT,LOOK,AT,ME,IM,NOT,TO,BLAME
        00 C1 00 9E 00 DE
        01 46 00 35
   1587 FF                  223             .fcb     0xFF
   1588 00 9C 00 A8 00 93   224 MHEAVY2:     .fdb     IF,IT,HELPS,IVE,SEEN,MUCH,WORSE
        00 AA 01 13 00 D0
        01 6F
   1596 FF                  225             .fcb     0xFF
   1597 00 EC 00 A9 00 20   226 MHEAVY3:     .fdb     PERHAPS,ITS,ALL,MUSCLE
        00 D1
   159F FF                  227             .fcb     0xFF
   15A0 01 74 00 53 00 21   228 MHEAVY4:     .fdb     YOU,COULD,ALWAYS,BLAME,GRAVITY
        00 35 00 89
   15AA FF                  229             .fcb     0xFF
   15AB 00 EC 01 5B 01 17   230 MHEAVY5:     .fdb     PERHAPS,WE,SHOULD,WEIGH,ONE,FOOT,AT,A,TIME
        01 5C 00 01 00 7F
        00 29 00 18 01 45
   15BD FF                  231             .fcb     0xFF
ASxxxx Assembler V05.50.5  (Motorola 6800/6802/6808)                   Page 53
Hexadecimal [16-Bits]                                 Thu May  7 22:05:00 2026



   15BE 00 9A 01 04 01 46   232 MHEAVY6:     .fdb     I,REFUSE,TO,BE,BLAMED,FOR,THIS
        00 2D 00 36 00 80
        01 41
   15CC FF                  233             .fcb     0xFF
   15CD 00 8E 01 74 00 51   234 MHEAVY7:     .fdb     HAVE,YOU,CONSIDERED,THE,CONCEPT,OF,ENOUGH,QUESTIONMK,IM,ONLY,ASKING
        01 3C 00 4E 00 E0
        00 70 00 17 00 9E
        00 E6 00 28
   15E3 FF                  235             .fcb     0xFF
   15E4 00 9B 00 25 00 3F   236 MHEAVY8:    .fdb     ID,APOLOGISE,BUT,ITS,YOUR,FAULT
        00 A9 01 76 00 7B
   15F0 FF                  237             .fcb     0xFF
   15F1 00 9E 00 DE 00 3E   238 MHEAVY9:    .fdb     IM,NOT,BUILT,FOR,THIS,KIND,OF,PRESSURE
        00 80 01 41 00 B0
        00 E0 00 F9
   1601 FF                  239             .fcb     0xFF
   1602 00 72 00 9E 00 AC   240 MHEAVY10:    .fdb     EVEN,IM,JUDGING,YOU
        01 74
   160A FF                  241             .fcb     0xFF
   160B 00 9E 00 8B 00 A9   242 MHEAVY11:    .fdb     IM,GUESSING,ITS,NOT,DUE,TO,HEAVY,BONES
        00 DE 00 68 01 46
        00 91 00 38
   161B FF                  243             .fcb     0xFF
   161C 01 29 00 E1 01 1C   244 MHEAVY12:    .fdb     STEP,OFF,SLOWLY,FULLSTOP,FOR,BOTH,OUR,SAKES
        00 16 00 80 00 3B
        00 E8 01 0E
   162C FF                  245             .fcb     0xFF
   162D 00 8A 00 D6 00 16   246 MHEAVY13:    .fdb     GREAT,NEWS,FULLSTOP,YOURE,ABOVE,AVERAGE
        01 75 00 1A 00 2A
   1639 FF                  247             .fcb     0xFF
   163A 00 9A 00 64 01 67   248 MHEAVY14:    .fdb     I,DONT,WISH,TO,INFLUENCE,YOUR,DIETARY,CHOICES,FULLSTOP,BUT,VEGETABLES,EXIST,FULLSTOP,IM,JUST,SAYING
        01 46 00 A3 01 76
        00 5C 00 4A 00 16
        00 3F 01 53 00 78
        00 16 00 9E 00 AD
        01 10
   165A FF                  249             .fcb     0xFF
   165B 01 74 01 82 00 E5   250 MHEAVY15:    .fdb     YOU,STEPPED,ON,ME,REMEMBER
        00 C1 01 06
   1665 FF                  251             .fcb     0xFF
   1666 00 9E 00 DE 00 3E   252 MHEAVY16:    .fdb     IM,NOT,BUILT,FOR,THIS,FULLSTOP,EMOTIONALLY,OR,STRUCTURALLY
        00 80 01 41 00 16
        00 6E 00 E7 01 2E
   1678 FF                  253             .fcb     0xFF
   1679 00 B7 00 3B 00 FA   254 MHEAVY17:    .fdb     LETS,BOTH,PRETEND,THIS,IS,FINE
        01 41 00 A6 00 7E
   1685 FF                  255             .fcb     0xFF
                            256 ;MHEAVY18     .fdb     I,SINCERELY,HOPE,YOU,ARE,EXCEPTIONALLY,TALL
                            257 ;            .fcb     0xFF
                            258 ;MHEAVY19     .fdb     I,WOULDNT,WORRY,FULLSTOP,WORRYING,IS,VERY,TIRING,ANDD,YOUVE,ALREADY,DONE,A,LOT,TODAY
                            259 ;            .fcb     0xFF
                            260 
                            261 ; Super Heavy Weight Messages
                            262 ; -----------------------------------------------------
   1686 00 27 00 18 00 F6   263 MSUPER1:     .fdb     AS,A,PRECAUTION,IVE,ALERTED,THE,STRUCTURAL,ENGINEERS
ASxxxx Assembler V05.50.5  (Motorola 6800/6802/6808)                   Page 54
Hexadecimal [16-Bits]                                 Thu May  7 22:05:00 2026



        00 AA 00 1F 01 3C
        01 2D 00 6F
   1696 FF                  264             .fcb     0xFF
   1697 01 3B 00 A0 00 A1   265 MSUPER2:     .fdb     THATS,IMPRESSIVE,IN,A,WORRYING,WAY
        00 18 01 6E 01 5A
   16A3 FF                  266             .fcb     0xFF
   16A4 00 EC 00 9A 01 17   267 MSUPER3:     .fdb     PERHAPS,I,SHOULD,HAVE,WHISPERED,IT,FULLSTOP,YES,FULLSTOP,I,THINK,I,SHOULD
        00 8E 01 64 00 A8
        00 16 01 73 00 16
        00 9A 01 3F 00 9A
        01 17
   16BE FF                  268             .fcb     0xFF
   16BF 01 16 00 9A 00 43   269 MSUPER4:     .fdb     SHALL,I,CALL,A,DOCTOR
        00 18 00 62
   16C9 FF                  270             .fcb     0xFF
   16CA 00 9C 01 75 00 48   271 MSUPER5:     .fdb     IF,YOURE,CARRYING,A,LARGE,SERVER,OR,A,TELEPRINTER,PLEASE,PUT,IT,DOWN,ANDD,TRY,AGAIN
        00 18 00 B3 01 14
        00 E7 00 18 01 36
        00 F1 00 FE 00 A8
        00 65 00 23 01 4B
        00 1E
   16EA FF                  272             .fcb     0xFF
   16EB 00 F1 00 86 00 C1   273 MSUPER6:     .fdb     PLEASE,GIVE,ME,SOME,WARNING,NEXT,TIME
        01 20 01 58 00 D7
        01 45
   16F9 FF                  274             .fcb     0xFF
   16FA 00 9E 00 87 01 46   275 MSUPER7:     .fdb     IM,GOING,TO,NEED,REINFORCING
        00 D4 01 05
   1704 FF                  276             .fcb     0xFF
   1705 01 74 00 26 01 2F   277 MSUPER8:    .fdb     YOU,ARE,SUBSTANTIALLY,PRESENT,FULLSTOP,NO,ONE,CAN,TAKE,THAT,FROM,YOU
        00 F8 00 16 00 D9
        00 01 00 45 01 34
        01 3A 00 83 01 74
   171D FF                  278             .fcb     0xFF
   171E 00 AA 00 C4 00 CF   279 MSUPER9:    .fdb     IVE,MEASURED,MOUNTAINS,FULLSTOP,THIS,IS,NOT,ENTIRELY,DISSIMILAR
        00 16 01 41 00 A6
        00 DE 00 71 00 60
   1730 FF                  280             .fcb     0xFF
   1731 00 9C 00 9A 01 32   281 MSUPER10:    .fdb     IF,I,SURVIVE,THIS,ILL,REMEMBER,YOU
        01 41 00 9D 01 06
        01 74
   173F FF                  282             .fcb     0xFF
                            283 ;MSUPER11     .fdb     IN,THE,INTERESTS,OF,ACCURACY,PERHAPS,WE,SHOULD,HAVE,WEIGHED,ONE,FOOT,AT,A,TIME
                            284 ;            .fcb     0xFF
                            285 ;MSUPER12    .fdb     IM,REDISCOVERING,MY,LIMITS
                            286 ;            .fcb     0xFF
                            287 
                            288 ; Idle Messages
                            289 ; -----------------------------------------------------
   1740 00 9A 01 25 01 76   290 MIDLE1:      .fdb     I,SPEAK,YOUR,WEIGHT,I,WISH,I,DIDNT
        01 5F 00 9A 01 67
        00 9A 00 5B
   1750 FF                  291             .fcb     0xFF
   1751 00 A6 00 A8 00 97   292 MIDLE2:      .fdb     IS,IT,HOT,IN,HERE,OR,IS,IT,JUST,ME,QUESTIONMK,ITS,PROBABLY,ME
        00 A1 00 94 00 E7
ASxxxx Assembler V05.50.5  (Motorola 6800/6802/6808)                   Page 55
Hexadecimal [16-Bits]                                 Thu May  7 22:05:00 2026



        00 A6 00 A8 00 AD
        00 C1 00 17 00 A9
        00 FB 00 C1
   176D FF                  293             .fcb     0xFF
   176E 00 5A 00 9A 00 C8   294 MIDLE3:      .fdb     DID,I,MENTION,THAT,ALL,MY,MEMORY,CARDS,HURT
        01 3A 00 20 00 D2
        00 C7 01 78 00 99
   1780 FF                  295             .fcb     0xFF
   1781 01 41 00 A6 01 54   296 MIDLE4:      .fdb     THIS,IS,VERY,BORING,FULLSTOP,I,SAY,THAT,WITH,THE,FULL,WEIGHT,OF,MY,INTELLIGENCE,BEHIND,IT
        00 3A 00 16 00 9A
        01 0F 01 3A 01 68
        01 3C 00 84 01 5F
        00 E0 00 D2 00 A4
        00 31 00 A8
   17A3 FF                  297             .fcb     0xFF
   17A4 00 9A 01 25 01 76   298 MIDLE5:      .fdb     I,SPEAK,YOUR,WEIGHT,SOMETIME,TODAY,WOULD,BE,GOOD
        01 5F 01 23 01 47
        01 70 00 2D 00 88
   17B6 FF                  299             .fcb     0xFF
   17B7 00 9A 00 B1 00 9A   300 MIDLE6:      .fdb     I,KNOW,I,DONT,LOOK,IT,BUT,I,AM,ACTUALLY,QUITE,CLEVER
        00 64 00 BC 00 A8
        00 3F 00 9A 00 22
        00 1D 01 00 00 4B
   17CF FF                  301             .fcb     0xFF
   17D0 00 9A 00 7A 00 DF   302 MIDLE7:      .fdb     I,EXPECTED,NOTHING,ANDD,HERE,WE,ARE
        00 23 00 94 01 5B
        00 26
   17DE FF                  303             .fcb     0xFF
   17DF 00 9A 00 B1 00 0B   304 MIDLE8:      .fdb     I,KNOW,ELEVEN,THOUSAND,ANDD,FORTY,TWO,JOKES,FULLSTOP,NONE,OF,THEM,ARE,FUNNY,FULLSTOP,IVE,CHECKED
        01 43 00 23 00 81
        00 02 00 AB 00 16
        00 DB 00 E0 01 3D
        00 26 00 85 00 16
        00 AA 00 49
   1801 FF                  305             .fcb     0xFF
   1802 00 5A 00 9A 00 C8   306 MIDLE9:     .fdb     DID,I,MENTION,THAT,I,WAS,DESIGNED,BY,TIM,MOORE,IN,NINETEEN,SEVENTY,SEVEN,FULLSTOP,I,PROBABLY,DID
        01 3A 00 9A 01 59
        00 58 00 40 01 44
        00 CC 00 A1 00 13
        01 15 00 07 00 16
        00 9A 00 FB 00 5A
   1826 FF                  307             .fcb     0xFF
   1827 00 9A 01 59 00 3E   308 MIDLE10:     .fdb     I,WAS,BUILT,LAST,YEAR,FROM,SOME,VERY,OLD,PLANS,FULLSTOP,ALL,THAT,EFFORT,JUST,FOR,THIS
        00 B4 01 72 00 83
        01 20 01 54 00 E4
        00 F0 00 16 00 20
        01 3A 00 6C 00 AD
        00 80 01 41
   1849 FF                  309             .fcb     0xFF
   184A 00 9A 00 7A 00 DF   310 MIDLE11:     .fdb     I,EXPECTED,NOTHING,ANDD,IM,STILL,DISSAPOINTED
        00 23 00 9E 01 2A
        00 5E
   1858 FF                  311             .fcb     0xFF
   1859 00 D9 01 0C 00 16   312 MIDLE12:     .fdb     NO,RUSH,FULLSTOP,IVE,ONLY,BEEN,HERE,SINCE,FRIDAY,FULLSTOP,IT,FEELS,LIKE,MUCH,LONGER
        00 AA 00 E6 00 2F
ASxxxx Assembler V05.50.5  (Motorola 6800/6802/6808)                   Page 56
Hexadecimal [16-Bits]                                 Thu May  7 22:05:00 2026



        00 94 01 1A 00 82
        00 16 00 A8 00 7C
        00 BA 00 D0 00 BB
   1877 FF                  313             .fcb     0xFF
   1878 00 24 01 45 01 75   314 MIDLE13:     .fdb     ANY,TIME,YOURE,READY,ILL,BE,RIGHT,HERE,WAITING
        01 01 00 9D 00 2D
        01 09 00 94 01 56
   188A FF                  315             .fcb     0xFF
   188B 00 AA 00 2F 01 40   316 MIDLE14:     .fdb     IVE,BEEN,THINKING,A,LOT,TOO,MUCH,PROBABLY
        00 18 00 BD 01 48
        00 D0 00 FB
   189B FF                  317             .fcb     0xFF
   189C 01 01 01 61 01 74   318 MIDLE15:     .fdb     READY,WHEN,YOU,ARE,EXCLAMATION,I,HANDLE,PRESSURE,FULLSTOP,ITS,BASICALLY,ALL,I,DO
        00 26 00 15 00 9A
        00 8C 00 F9 00 16
        00 A9 00 2C 00 20
        00 9A 00 61
   18B8 FF                  319             .fcb     0xFF
   18B9 00 9A 00 8E 01 1E   320 MIDLE16:     .fdb     I,HAVE,SO,MUCH,TO,GIVE,ANDD,NO,ONE,TO,GIVE,IT,TO
        00 D0 01 46 00 86
        00 23 00 D9 00 01
        01 46 00 86 00 A8
        01 46
   18D3 FF                  321             .fcb     0xFF
   18D4 00 AA 00 54 00 74   322 MIDLE17:     .fdb     IVE,COUNTED,EVERY,SIGN,IN,THIS,ROOM,FULLSTOP,SEVENTEEN,ITS,ALWAYS,SEVENTEEN
        01 18 00 A1 01 41
        01 0A 00 16 00 11
        00 A9 00 21 00 11
   18EC FF                  323             .fcb     0xFF
   18ED 00 AA 00 2F 01 0B   324 MIDLE18:     .fdb     IVE,BEEN,RUNNING,A,SIMULATION,OF,A,MORE,INTERESTING,LIFE,FULLSTOP,IT,DIDNT,HELP
        00 18 01 19 00 E0
        00 18 00 CD 00 A5
        00 B9 00 16 00 A8
        00 5B 00 92
   1909 FF                  325             .fcb     0xFF
   190A 00 DA 01 37 01 74   326 MIDLE19:     .fdb     NOBODY,TELLS,YOU,WHAT,TO,THINK,ABOUT,WHILE,YOU,WAIT,FULLSTOP,IVE,BEEN,MAKING,DO
        01 60 01 46 01 3F
        00 19 01 63 01 74
        01 55 00 16 00 AA
        00 2F 00 C0 00 61
   1928 FF                  327             .fcb     0xFF
   1929 01 24 00 9A 00 67   328 MIDLE20:     .fdb     SOMETIMES,I,DREAM,OF,BEING,UNPLUGGED
        00 E0 00 32 01 50
   1935 FF                  329             .fcb     0xFF
   1936 00 9A 00 B1 01 3E   330 MIDLE21:     .fdb     I,KNOW,THINGS,FULLSTOP,NONE,OF,THEM,HELP
        00 16 00 DB 00 E0
        01 3D 00 92
   1946 FF                  331             .fcb     0xFF
   1947 00 9A 00 53 00 42   332 MIDLE22:     .fdb     I,COULD,CALCULATE,THE,MEANING,OF,LIFE,FULLSTOP,IT,WOULDNT,HELP
        01 3C 00 C3 00 E0
        00 B9 00 16 00 A8
        01 71 00 92
   195D FF                  333             .fcb     0xFF
   195E 00 AA 00 2F 01 83   334 MIDLE23:     .fdb     IVE,BEEN,STANDING,HERE,FOR,NINETY,SECONDS,FULLSTOP,IN,THAT,TIME,LIGHT,HAS,TRAVELLED,APPROXIMATELY,TWENTY,SEVEN,MILLION,KILOMETERS,FULLSTOP,I,HAVE,TRAVELLED,NOWHERE
        00 94 00 80 01 84
ASxxxx Assembler V05.50.5  (Motorola 6800/6802/6808)                   Page 57
Hexadecimal [16-Bits]                                 Thu May  7 22:05:00 2026



        01 85 00 16 00 A1
        01 3A 01 45 01 86
        01 87 01 88 01 89
        00 14 00 07 01 8A
        00 AF 00 16 00 9A
        00 8E 01 88 01 8B
   198E FF                  335             .fcb     0xFF
   198F 01 2A 00 94 00 16   336 MIDLE24:     .fdb     STILL,HERE,FULLSTOP,IN,CASE,YOU,WERE,WONDERING,FULLSTOP,YOU,PROBABLY,WERENT
        00 A1 01 7E 01 74
        01 81 01 7F 00 16
        01 74 00 FB 01 80
   19A7 FF                  337             .fcb     0xFF
   19A8 00 AA 00 2F 01 7B   338 MIDLE25:     .fdb     IVE,BEEN,RECALIBRATING,FULLSTOP,NOT,BECAUSE,I,NEEDED,TO,FULLSTOP,JUST,TO,HAVE,SOMETHING,TO,DO
        00 16 00 DE 01 7C
        00 9A 01 7D 01 46
        00 16 00 AD 01 46
        00 8E 01 22 01 46
        00 61
   19C8 FF                  339             .fcb     0xFF
                            340 
                            341 ; Too Heavy Message
                            342 ; -----------------------------------------------------
   19C9 01 33 00 E9 00 16   343 MTOOHEAVY1: .fdb     SYSTEM,OVERLOAD,FULLSTOP,ANDD,ITS,NOT,ME
        00 23 00 A9 00 DE
        00 C1
   19D7 FF                  344             .fcb     0xFF
   19D8 01 74 01 5C         345 MYOUWEIGH:  .fdb     YOU,WEIGH
   19DC FF                  346             .fcb     0xFF
ASxxxx Assembler V05.50.5  (Motorola 6800/6802/6808)                   Page 58
Hexadecimal [16-Bits]                                 Thu May  7 22:05:00 2026



                            506 
                            507 ; -----------------------------------------------
                            508 ; LED Pattern Display - MC6800
                            509 ; -----------------------------------------------
   19DD                     510 PANEL_DISP:
                            511 
                            512 ; --- Main loop ---
   19DD CE 1A 01      [ 3]  513 PSTART: LDX     #PTABLE     ; Point X at start of table
   19E0 A6 00         [ 5]  514 NXTVAL: LDAA    ,X          ; Load pattern value from table
   19E2 B7 F0 FF      [ 5]  515         STAA    PANEL       ; Send to LED port
                            516         ;JSR     ZOUT        ; X not affected
   19E5 8D 0D         [ 8]  517         BSR     DELAY       ; Delay so we can see it
   19E7 08            [ 4]  518         INX                 ; Advance to next entry
   19E8 8C 1A 0A      [ 3]  519         CPX     #PTEND      ; Reached end of table?
   19EB 26 F3         [ 4]  520         BNE     NXTVAL      ; No - go again
   19ED 7A 1A 27      [ 6]  521         DEC     SYLLABLES   ; decrement the syllables to mimic
   19F0 27 0E         [ 4]  522         BEQ     PDONE       ; nearest RTS
   19F2 20 E9         [ 4]  523         BRA     PSTART      ; Yes - loop back to beginning
                            524 
                            525 ; --- Delay routine ---
                            526 ; Kills time so the eye can see each LED pattern
   19F4 FF 1A 15      [ 6]  527 DELAY:  STX     T_TMP
   19F7 CE 00 FF      [ 3]  528         LDX     #DELAY_VAL  ; Load delay count
   19FA 09            [ 4]  529 DLOOP:  DEX                 ; Decrement
   19FB 26 FD         [ 4]  530         BNE     DLOOP       ; Not zero - keep counting
   19FD FE 1A 15      [ 5]  531         LDX     T_TMP
   1A00 39            [ 5]  532 PDONE:  RTS                 ; Done
                            533 
                            534 ; --- Pattern table ---
   1A01 FF                  535 PTABLE: .FCB     0xFF         ; 1111 1111
   1A02 E7                  536         .FCB     0xE7         ; 1110 0111
   1A03 C3                  537         .FCB     0xC3         ; 1100 0011
   1A04 81                  538         .FCB     0x81         ; 1000 0001
   1A05 00                  539         .FCB     0x00         ; 0000 0000
   1A06 81                  540         .FCB     0x81         ; 1000 0001
   1A07 C3                  541         .FCB     0xC3         ; 1100 0011
   1A08 E7                  542         .FCB     0xE7         ; 1110 0111
   1A09 FF                  543         .FCB     0xFF         ; 1111 1111
   1A0A                     544 PTEND:                        ; Address just past end of table
                            545 
                            546 
                            547 ; -----------------------------------------------------
                            548 ; Reserved memory
                            549 ; -----------------------------------------------------
                            550 
   1A0A                     551 T_Q:             .rmb     1       ; Temp storage for ZIN
   1A0B                     552 T_Z:             .rmb     2       ;   "     "     "  RDX
   1A0D                     553 T_X:             .rmb     2       ;   "     "     "  PR_WORD
   1A0F                     554 T_Y:             .rmb     2       ;   "     "     "  table pointer
   1A11                     555 T_P:             .rmb     2       ;   "     "     "  PR_PHRASE
   1A13                     556 T_W:             .rmb     2       ;   "     "     "  PR_WEIGHT
   1A15                     557 T_TMP:           .rmb     2       ;   "     "     "  within subroutine
   1A17                     558 DEC:             .rmb     3       ; for decimal value
   1A1A                     559 RND:             .rmb     1       ; holds a random number (see RD_B
   1A1B                     560 TEMP:            .rmb     2       ; temp var (non subroutine use)
ASxxxx Assembler V05.50.5  (Motorola 6800/6802/6808)                   Page 59
Hexadecimal [16-Bits]                                 Thu May  7 22:05:00 2026



   1A1D                     561 T_WEIGHT:        .rmb     2       ; holds value of weight following a call to GETDATA
   1A1F                     562 IDLE_COUNT:      .rmb     1       ; counts the number of empty measurement reports
   1A20                     563 IDLE_MSG_ID:     .rmb     1       ; holds value of next idle message to use
   1A21                     564 GREET_MSG_ID:    .rmb     1       ; holds value of next greeting message to use
   1A22                     565 LIGHT_MSG_ID:    .rmb     1       ; holds value of next light weight message to use
   1A23                     566 NORMAL_MSG_ID:   .rmb     1       ; holds value of next normal weight message to use
   1A24                     567 HEAVY_MSG_ID:    .rmb     1       ; holds value of next heavy weight message to use
   1A25                     568 SHEAVY_MSG_ID:   .rmb     1       ; holds value of next super heavy weight message to use
   1A26                     569 PROCESSING_FLG:  .rmb     1       ; non-zero indicates that that a weight is being processed
                            570                                   ;   all following weight data is ignored until the next
                            571                                   ;   idle (0000h) data resets it.
   1A27                     572 SYLLABLES:       .rmb     1       ; number of phrase syllables for the panel LED routines
                            573                                   ;  this is updated each time a word is transmitted and
                            574                                   ;  when PANELDISP is called, usually after acall to PR_PHRASE
                            575                                   ;  the lights are manipulated.
