ASxxxx Assembler V05.50.5  (Motorola 6800/6802/6808)                    Page 1
Hexadecimal [16-Bits]                                 Thu May 21 15:24:30 2026



                              1 ;------------------------------------------------------------------
                              2 ; text2speech.asm
                              3 ;------------------------------------------------------------------
                              4 
                              5                 .area   CODE1 (ABS)     ; absolute i.e. not relocatable
                              6 
                              7 ; -----------------------------------------------------
                              8 ; Reserved memory
                              9 ; -----------------------------------------------------
   0000                      10                  .org    0x0000
                             11 
   0000                      12 T_Q:             .rmb     1       ; Temp storage for ZIN
   0001                      13 T_Z:             .rmb     2       ;   "     "     "  RDX
   0003                      14 T_X:             .rmb     2       ;   "     "     "  PR_WORD
   0005                      15 T_Y:             .rmb     2       ;   "     "     "  table pointer
   0007                      16 T_P:             .rmb     2       ;   "     "     "  PR_PHRASE
   0009                      17 T_W:             .rmb     2       ;   "     "     "  PR_WEIGHT
   000B                      18 T_TMP:           .rmb     2       ;   "     "     "  within subroutine
   000D                      19 TEMP:            .rmb     2       ; temp var (non subroutine use)
   000F                      20 T_WEIGHT:        .rmb     2       ; holds value of weight following a call to GETDATA
                             21 
                             22 ; these are cleared at start up
   0011                      23 IDLE_COUNT:      .rmb     1       ; counts the number of empty measurement reports
   0012                      24 IDLE_MSG_ID:     .rmb     1       ; holds value of next idle message to use
   0013                      25 GREET_MSG_ID:    .rmb     1       ; holds value of next greeting message to use
   0014                      26 LIGHT_MSG_ID:    .rmb     1       ; holds value of next light weight message to use
   0015                      27 NORMAL_MSG_ID:   .rmb     1       ; holds value of next normal weight message to use
   0016                      28 HEAVY_MSG_ID:    .rmb     1       ; holds value of next heavy weight message to use
   0017                      29 SHEAVY_MSG_ID:   .rmb     1       ; holds value of next super heavy weight message to use
   0018                      30 PROCESSING_FLG:  .rmb     1       ; non-zero indicates that that a weight is being processed
                             31                                   ;   all following weight data is ignored until the next
                             32                                   ;   idle (0000h) data resets it.
   0019                      33 WORDS:           .rmb     1       ; number of words for the panel LED routines
                             34                                   ;  this is updated each time a word is transmitted.
   001A                      35 RND:            .rmb      1
                             36 
   0200                      37                 .org    0x0200
                             38 
                     01FF    39 STACK           .equ    0x01FF
                     F400    40 DATAA           .equ    0xF400          ; ACIA(a) Data register
                     F401    41 CTRLA           .equ    0xF401          ; ACIA(a) Ctrl/Status
                     F402    42 DATAB           .equ    0xF402          ; ACIA(b) Data register
                     F403    43 CTRLB           .equ    0xF403          ; ACIA(b) Ctrl/Status
                             44 
                             45 ; MINIMON routines
                     FC76    46 STRING          .equ    0xFC76          ; Prints a string.
                     FC89    47 GETADD          .equ    0xFC89          ; Get Address, read 4 digit hex value.
                     FCC9    48 ZOUT            .equ    0xFCC9          ; Print value in A as 2 hex digits.
                     FE97    49 NEWLINE         .equ    0xFE97          ; Prints a new line.
                     FF8F    50 START           .equ    0xFF8F          ; Restarts MniMon.
                     FC0F    51 PR_A            .equ    0xFC0F          ; Print char in A to ACIA (a)
                     FD2B    52 RD_A            .equ    0xFD2B          ; Read char from A
                     FD4D    53 PRSP            .equ    0xFD4D          ; Print a space
                     FC31    54 BINARY          .equ    0xFC31          ; Converts ASCII hex digits in A and B to binary?
                     FC65    55 RD_X            .equ    0xFC65          ; Read 4 hex digits Value from ACIA(a) and put value into X.
ASxxxx Assembler V05.50.5  (Motorola 6800/6802/6808)                    Page 2
Hexadecimal [16-Bits]                                 Thu May 21 15:24:30 2026



                     FC1D    56 VHEX            .equ    0xFC1D          ; Checks that A contains a HEX character
                     FCBB    57 PRX             .equ    0xFCBB          ; print val in X as four hex digits
                             58 
                     F0FF    59 PANEL           .equ    0xF0FF          ; LEDs and switches
                     0B00    60 DELAY_VAL       .equ    0x0B00          ; Delay loop count - adjust to taste (16 BIT VALUE)
                     0040    61 ASC_STX         .equ    0x40            ; Start of Text
                             62 
                     002D    63 IDLE_TICS       .equ   45              ; ticks between idle messages (1 tic = 2 secs approx)
                     000F    64 SHEAVY_WGHT     .equ    15              ; >= 15 stones
                     000D    65 HEAVY_WGHT      .equ    13              ; >= 13 stones
                     000A    66 NORM_WGHT       .equ    10              ; >= 10 stones
                     0006    67 LIGHT_WGHT      .equ    6               ; >= 6 stones
                     0014    68 TOO_HEAVY       .equ    20
                             69 
                             70 ; number of messages
                     000D    71 GREET_MSG_CNT   .equ    13
                     000A    72 LIGHT_MSG_CNT   .equ    10
                     0015    73 NORM_MSG_CNT    .equ    21
                     0012    74 HEAVY_MSG_CNT   .equ    18
                     000A    75 SHEAVY_MSG_CNT  .equ    10
                     0019    76 IDLE_MSG_CNT    .equ    25
                             77 
   0200                      78 INIT:
                             79                 ; set the stack
   0200 8E 01 FF      [ 3]   80                 LDS     #STACK
                             81 
                             82                 ; clear the counters
   0203 7F 00 11      [ 6]   83                 CLR     IDLE_COUNT
   0206 7F 00 12      [ 6]   84                 CLR     IDLE_MSG_ID
   0209 7F 00 13      [ 6]   85                 CLR     GREET_MSG_ID
   020C 7F 00 14      [ 6]   86                 CLR     LIGHT_MSG_ID
   020F 7F 00 15      [ 6]   87                 CLR     NORMAL_MSG_ID
   0212 7F 00 16      [ 6]   88                 CLR     HEAVY_MSG_ID
   0215 7F 00 17      [ 6]   89                 CLR     SHEAVY_MSG_ID
   0218 7F 00 18      [ 6]   90                 CLR     PROCESSING_FLG
   021B 7F 00 19      [ 6]   91                 CLR     WORDS
   021E 7F F0 FF      [ 6]   92                 CLR     PANEL
                             93 
                             94                 ; initialise serial port B
   0221 86 11         [ 2]   95                 LDAA    #0x11           ; 8 Data, No Parity, 2 Stop Bits
   0223 B7 F4 03      [ 5]   96                 STAA    CTRLB           ;   ACIA.A
                             97 
                             98                 ;JSR     CLS
                             99                 ;JSR     STRING
                            100                 ;.Fcb    0x0d,0x0a,0x0a
                            101                 ;.fcc    "             M.A.R.V.I.N"
                            102                 ;.Fcb    0x0d, 0x0a, 0x0a
                            103                 ;.fcc    "Machine for the Analytical Reasoning of"
                            104                 ;.fcb    0x0d, 0x0a
                            105                 ;.fcc    "  Vague Instructions and Nomenclature"
                            106                 ;.fcb    0x0d,0x0a,0x0a
                            107                 ;.fcc    "PAUSED..."
                            108                 ;.fcb    0xff
                            109 
                            110                 ; press any key (use this for syncronisation of the incomming data
ASxxxx Assembler V05.50.5  (Motorola 6800/6802/6808)                    Page 3
Hexadecimal [16-Bits]                                 Thu May 21 15:24:30 2026



                            111                 ;JSR     RD_A
                            112 
                            113                 ;JSR     STRING
                            114                 ;.Fcb    0x0d
                            115                 ;.fcc    "RUNNING..."
                            116                 ;.fcb    0x0d,0x0a,0x0a,0xff
                            117 
                            118                 ; initialise the speach processor
                            119                 ;   @R6 = excitability (Default=3)
                            120                 ;   @W2 = speed (Default=3)
                            121                 ;   @F8 = pitch center (Default=8)
                            122                 ;   @V3 = one of six preset voices
                            123                 ;   @K0 = male or non-male table
                            124                 ;
   0226 BD 03 97      [ 9]  125                 JSR STRINGB
   0229 40 52 36 40 57 32   126                 .fcc    "@R6@W2@F8@V3@K0"
        40 46 38 40 56 33
        40 4B 30
   0238 0D 0A FF            127                 .fcb    0x0d, 0x0a, 0xFF
                            128 
   023B B6 00 1A      [ 4]  129 MAINLOOP:       LDAA    RND             ; make the panel lights do something
   023E B7 F0 FF      [ 5]  130                 STAA    PANEL           ;  give us a heartbeat of sorts
                            131 
                            132                 ; -----------------------------------------------------
                            133                 ; Data arrives at port B as four hex characters
                            134                 ; -----------------------------------------------------
   0241 BD 03 86      [ 9]  135                 JSR     GETDATA         ; value in T_WEIGHT, stones in A
   0244 25 03         [ 4]  136                 BCS     ML1             ; is it invalid i.e. carry clear
   0246 7E 02 C2      [ 3]  137                 JMP     IDLE
                            138 
   0249 7D 00 18      [ 6]  139 ML1:            TST     PROCESSING_FLG  ; are we already processing a weight
   024C 26 ED         [ 4]  140                 BNE     MAINLOOP        ; flag non-zero so ignore everything that follows
   024E 7C 00 18      [ 6]  141                 INC     PROCESSING_FLG  ; ignore any following data until we next idle
   0251 81 14         [ 2]  142                 CMPA    #TOO_HEAVY      ; more that 20 is too heavy
   0253 22 3B         [ 4]  143                 BHI     OVERLOADED
   0255 B6 00 10      [ 4]  144                 LDAA    T_WEIGHT+1      ; validate pounds
   0258 81 0D         [ 2]  145                 CMPA    #13             ; invalid pounds
   025A 22 4D         [ 4]  146                 BHI     IERROR          ; internal error
   025C BD 02 EC      [ 9]  147                 JSR     GREET           ; send a greeting message
                            148 
                            149                 ; get the weight a second time, this should allow the scales time to settle
   025F BD 03 86      [ 9]  150                 JSR     GETDATA
                            151 
                            152                 ; output "you weigh" maybe use a phrase rather than individual words
   0262 CE 1B A8      [ 3]  153                 LDX     #MYOUWEIGH
   0265 BD 04 84      [ 9]  154                 JSR     PR_PHRASE
   0268 FE 00 0F      [ 5]  155                 LDX     T_WEIGHT        ; restore X
   026B BD 04 34      [ 9]  156                 JSR     PR_WEIGHT       ; weight back X so output the weight
                            157 
                            158                 ; output a comments
   026E B6 00 0F      [ 4]  159                 LDAA    T_WEIGHT        ; stones
   0271 81 0F         [ 2]  160                 CMPA    #SHEAVY_WGHT
   0273 25 03         [ 4]  161                 BLO     ML2             ; not super heavy weight
   0275 7E 03 46      [ 3]  162                 JMP     SHEAVYW
   0278 81 0D         [ 2]  163 ML2:            CMPA    #HEAVY_WGHT
ASxxxx Assembler V05.50.5  (Motorola 6800/6802/6808)                    Page 4
Hexadecimal [16-Bits]                                 Thu May 21 15:24:30 2026



   027A 25 03         [ 4]  164                 BLO     ML3             ; not heavy weight
   027C 7E 03 2F      [ 3]  165                 JMP     HEAVYW
   027F 81 0A         [ 2]  166 ML3:            CMPA    #NORM_WGHT
   0281 25 03         [ 4]  167                 BLO     ML4             ; not normal weight
   0283 7E 03 18      [ 3]  168                 JMP     NORMALW
   0286 81 06         [ 2]  169 ML4:            CMPA    #LIGHT_WGHT
   0288 25 03         [ 4]  170                 BLO     ML5             ; not light weight
   028A 7E 03 01      [ 3]  171                 JMP     LIGHTW
   028D 7E 02 3B      [ 3]  172 ML5:            JMP     MAINLOOP        ; no comments for less than light weight
                            173 
                            174 ; -----------------------------------------------------
                            175 ; Over 20 stone so random heavy phrase to ports B
                            176 ; -----------------------------------------------------
   0290                     177 OVERLOADED:
   0290 BD FC 76      [ 9]  178                 JSR     STRING
   0293 53 54 3A 53 4F 46   179                 .fcc    "ST:SOFL "
        4C 20
   029B 20 FF               180                 .fcb    0x20,0xff
   029D CE 1B 97      [ 3]  181                 LDX     #MTOOHEAVY1
   02A0 BD 04 84      [ 9]  182                 JSR     PR_PHRASE
   02A3 BD 04 6A      [ 9]  183                 JSR     PR_CRB
   02A6 7E 02 3B      [ 3]  184                 JMP     MAINLOOP
   02A9                     185 IERROR:
   02A9 BD FC 76      [ 9]  186                 JSR     STRING
   02AC 53 54 3A 49 45 52   187                 .fcc    "ST:IERR "
        52 20
   02B4 20 FF               188                 .fcb    0x20,0xff
   02B6 CE 1B AD      [ 3]  189                 LDX     #MERROR
   02B9 BD 04 84      [ 9]  190                 JSR     PR_PHRASE
   02BC BD 04 6A      [ 9]  191                 JSR     PR_CRB
   02BF 7E 02 3B      [ 3]  192                 JMP     MAINLOOP
                            193 
                            194 ; we cycle thought idle message when no one is on the scales, data comes in a one
                            195 ; second intervals so we simply increase the idle count until it's time to display
                            196 ; the next idle message
                            197 
   02C2 7F 00 18      [ 6]  198 IDLE:   CLR     PROCESSING_FLG  ; clear the processing flag as no one
                            199                                 ;   is standing on the scales
   02C5 7C 00 11      [ 6]  200         INC     IDLE_COUNT      ; increase the idle count
   02C8 B6 00 11      [ 4]  201         LDAA    IDLE_COUNT      ; see if idle count = max idle time
   02CB 81 2D         [ 2]  202         CMPA    #IDLE_TICS      ; a data message appears every second
   02CD 27 03         [ 4]  203         BEQ     IDLE1           ; not reached the max idle time
   02CF 7E 02 3B      [ 3]  204         JMP     MAINLOOP             ; nothing to do yet
                            205 
   02D2                     206 IDLE1:  ;JSR     STRING
                            207         ;.fcc    "ST:IMSG "
                            208         ;.fcb    0x20,0xff
   02D2 7F 00 11      [ 6]  209         CLR     IDLE_COUNT      ; time to output an idle message so reset the count
   02D5 B6 00 12      [ 4]  210         LDAA    IDLE_MSG_ID     ; get next Message ID
   02D8 81 19         [ 2]  211         CMPA    #IDLE_MSG_CNT   ; are we beyond the end of the list
   02DA 26 04         [ 4]  212         BNE     IDLE_OP         ; still at valid id so output idle message
   02DC 7F 00 12      [ 6]  213         CLR     IDLE_MSG_ID     ; beyond last message so reset the current msg to zero
   02DF 4F            [ 2]  214         CLRA                    ; set currentid back to 0
   02E0                     215 IDLE_OP:
   02E0 7C 00 12      [ 6]  216         INC     IDLE_MSG_ID     ; set to next message for the next next time
ASxxxx Assembler V05.50.5  (Motorola 6800/6802/6808)                    Page 5
Hexadecimal [16-Bits]                                 Thu May 21 15:24:30 2026



   02E3 CE 13 02      [ 3]  217         LDX     #IDLEPTR        ; A has phrase ID, set X to the base address
   02E6 BD 03 5C      [ 9]  218         JSR     PHRASE_OUT
   02E9 7E 02 3B      [ 3]  219         JMP     MAINLOOP
                            220 
   02EC                     221 GREET:   ; output the greeting message
                            222         ;JSR     STRING
                            223         ;.fcc    "ST:GMSG "
                            224         ;.fcb    0x20,0xff
   02EC B6 00 13      [ 4]  225         LDAA    GREET_MSG_ID    ; get next Message ID
   02EF 81 0D         [ 2]  226         CMPA    #GREET_MSG_CNT  ; are we beyond the end of the list
   02F1 26 04         [ 4]  227         BNE     GREET_OP        ; still at valid id so output idle message
   02F3 7F 00 13      [ 6]  228         CLR     GREET_MSG_ID    ; beyond last message so reset the current msg to zero
   02F6 4F            [ 2]  229         CLRA                    ; set currentid back to 0
   02F7                     230 GREET_OP:
   02F7 7C 00 13      [ 6]  231         INC     GREET_MSG_ID    ; set to next message for the next next time
   02FA CE 12 74      [ 3]  232         LDX     #GREETPTR       ; A has phrase ID, set X to the base address
   02FD BD 03 5C      [ 9]  233         JSR     PHRASE_OUT
   0300 39            [ 5]  234         RTS
                            235 
   0301                     236 LIGHTW:   ; output the lightweight message
                            237         ;JSR     STRING
                            238         ;.fcc    "ST:LMSG "
                            239         ;.fcb    0x20,0xff
   0301 B6 00 14      [ 4]  240         LDAA    LIGHT_MSG_ID    ; get next Message ID
   0304 81 0A         [ 2]  241         CMPA    #LIGHT_MSG_CNT  ; are we beyond the end of the list
   0306 26 04         [ 4]  242         BNE     LIGHT_OP        ; still at valid id so output idle message
   0308 7F 00 14      [ 6]  243         CLR     LIGHT_MSG_ID    ; beyond last message so reset the current msg to zero
   030B 4F            [ 2]  244         CLRA                    ; set currentid back to 0
   030C                     245 LIGHT_OP:
   030C 7C 00 14      [ 6]  246         INC     LIGHT_MSG_ID    ; set to next message for the next next time
   030F CE 12 8E      [ 3]  247         LDX     #LIGHTPTR       ; A has phrase ID, set X to the base address
   0312 BD 03 5C      [ 9]  248         JSR     PHRASE_OUT
   0315 7E 02 3B      [ 3]  249         JMP     MAINLOOP
                            250 
   0318                     251 NORMALW: ; output the normal message
                            252         ;JSR     STRING
                            253         ;.fcc    "ST:NMSG "
                            254         ;.fcb    0x20,0xff
   0318 B6 00 15      [ 4]  255         LDAA    NORMAL_MSG_ID   ; get next Message ID
   031B 81 15         [ 2]  256         CMPA    #NORM_MSG_CNT   ; are we beyond the end of the list
   031D 26 04         [ 4]  257         BNE     NORMAL_OP       ; still at valid id so output idle message
   031F 7F 00 15      [ 6]  258         CLR     NORMAL_MSG_ID   ; beyond last message so reset the current msg to zero
   0322 4F            [ 2]  259         CLRA                    ; set currentid back to 0
   0323                     260 NORMAL_OP:
   0323 7C 00 15      [ 6]  261         INC     NORMAL_MSG_ID   ; set to next message for the next next time
   0326 CE 12 A2      [ 3]  262         LDX     #NORMALPTR      ; A has phrase ID, set X to the base address
   0329 BD 03 5C      [ 9]  263         JSR     PHRASE_OUT
   032C 7E 02 3B      [ 3]  264         JMP     MAINLOOP
                            265 
   032F                     266 HEAVYW:  ; output the heavy message
                            267         ;JSR     STRING
                            268         ;.fcc    "ST:HMSG "
                            269         ;.fcb    0x20,0xff
   032F B6 00 16      [ 4]  270         LDAA    HEAVY_MSG_ID    ; get next Message ID
   0332 81 12         [ 2]  271         CMPA    #HEAVY_MSG_CNT  ; are we beyond the end of the list
ASxxxx Assembler V05.50.5  (Motorola 6800/6802/6808)                    Page 6
Hexadecimal [16-Bits]                                 Thu May 21 15:24:30 2026



   0334 26 04         [ 4]  272         BNE     HEAVY_OP        ; still at valid id so output idle message
   0336 7F 00 16      [ 6]  273         CLR     HEAVY_MSG_ID    ; beyond last message so reset the current msg to zero
   0339 4F            [ 2]  274         CLRA                    ; set currentid back to 0
   033A                     275 HEAVY_OP:
   033A 7C 00 16      [ 6]  276         INC     HEAVY_MSG_ID    ; set to next message for the next next time
   033D CE 12 CC      [ 3]  277         LDX     #HEAVYPTR       ; A has phrase ID, set X to the base address
   0340 BD 03 5C      [ 9]  278         JSR     PHRASE_OUT
   0343 7E 02 3B      [ 3]  279         JMP     MAINLOOP
                            280 
   0346                     281 SHEAVYW: ; output the superheavy message
                            282         ;JSR     STRING
                            283         ;.fcc    "ST:SMSG "
                            284         ;.fcb    0x20,0xff
   0346 B6 00 17      [ 4]  285         LDAA    SHEAVY_MSG_ID   ; get next Message ID
   0349 81 0A         [ 2]  286         CMPA    #SHEAVY_MSG_CNT ; are we beyond the end of the list
   034B 26 04         [ 4]  287         BNE     SHEAVY_OP       ; still at valid id so output idle message
   034D 7F 00 17      [ 6]  288         CLR     SHEAVY_MSG_ID   ; beyond last message so reset the current msg to zero
   0350 4F            [ 2]  289         CLRA                    ; set currentid back to 0
   0351                     290 SHEAVY_OP:
   0351 7C 00 17      [ 6]  291         INC     SHEAVY_MSG_ID   ; set to next message for the next next time
   0354 CE 12 EE      [ 3]  292         LDX     #SHEAVYPTR      ; A has phrase ID, set X to the base address
   0357 8D 03         [ 8]  293         BSR     PHRASE_OUT
   0359 7E 02 3B      [ 3]  294         JMP     MAINLOOP
                            295 
   035C                     296 PHRASE_OUT:
                            297 
   035C 48            [ 2]  298         ASLA                    ; multiply A by 2 as each pointer is two bytes
   035D BD 04 13      [ 9]  299         JSR     ADX             ; now have the correct pointer value in X
                            300 
                            301 ; get address of message in X from the pointer in X
   0360 A6 00         [ 5]  302         LDAA    0,X             ;  get high byte of word pointed to by X
   0362 E6 01         [ 5]  303         LDAB    1,X             ;  get low byte of word pointed to by X
   0364 B7 00 0D      [ 5]  304         STAA    TEMP
   0367 F7 00 0E      [ 5]  305         STAB    TEMP+1
   036A FE 00 0D      [ 5]  306         LDX     TEMP
   036D BD 04 84      [ 9]  307         JSR     PR_PHRASE       ; output idle message
   0370 BD 04 6A      [ 9]  308         JSR     PR_CRB          ; CR/LF
   0373 39            [ 5]  309         RTS
                            310 
                            311 ;END:     JMP     MAINLOOP  ;START   ; all done
                            312 
                            313 ;--------------------------------------------------------------
                            314 ; Simulates a form feed to clear the screen
                            315 ;--------------------------------------------------------------
   0374 86 0D         [ 2]  316 CLS:    LDAA    #0x0d
   0376 BD FC 0F      [ 9]  317         JSR     PR_A            ; output carriage return
   0379 C6 10         [ 2]  318         LDAB    #16             ; 16 line feeds
   037B 86 0A         [ 2]  319         LDAA    #0x0a
   037D 37            [ 4]  320 CLS1:   PSHB                    ; save counter
   037E BD FC 0F      [ 9]  321         JSR     PR_A            ; output to console
   0381 33            [ 4]  322         PULB                    ; restore counter
   0382 5A            [ 2]  323         DECB
   0383 26 F8         [ 4]  324         BNE     CLS1            ; repeat
   0385 39            [ 5]  325         RTS
                            326 
ASxxxx Assembler V05.50.5  (Motorola 6800/6802/6808)                    Page 7
Hexadecimal [16-Bits]                                 Thu May 21 15:24:30 2026



                            327 ;--------------------------------------------------------------
                            328 ; Gets the weight data from the scales and rerurns with carry
                            329 ; set if a valid reading, carry clear otherwise. A valid weight
                            330 ; reading resets the idle count. Data received is stored in
                            331 ; T_WEIGHT and MSB in A.
                            332 ;--------------------------------------------------------------
   0386                     333 GETDATA:
   0386 BD 04 05      [ 9]  334         JSR     RD_XB           ; read 4 hex characters into X
   0389 FF 00 0F      [ 6]  335         STX     T_WEIGHT        ; store X
                            336         ;JSR     PRX             ; print the data
                            337         ;JSR    PRSP
   038C 0C            [ 2]  338         CLC
   038D B6 00 0F      [ 4]  339         LDAA    T_WEIGHT        ; get fist byte (stones)
   0390 27 04         [ 4]  340         BEQ     GDDONE          ; idle message
   0392 7F 00 2D      [ 6]  341         CLR     IDLE_TICS       ; not an idle message so reset the idle counter
   0395 0D            [ 2]  342         SEC                     ; non idle message return with carry set
   0396 39            [ 5]  343 GDDONE:  RTS
                            344 
                            345 ; -----------------------------------------------------
                            346 ; Print string FOLLOWING JSR ( terminated by 0xFF ) to
                            347 ; ACIA(b) and ACIA(b)
                            348 ; -----------------------------------------------------
   0397 30            [ 4]  349 STRINGB: TSX             ; Get loc. of return addr to X
   0398 EE 00         [ 6]  350          LDX     0,X     ; Get return addr to X
   039A 09            [ 4]  351          DEX             ; Point to byte before
   039B 08            [ 4]  352 STRB1:   INX             ; Point to next byte
   039C A6 00         [ 5]  353          LDAA    0,X     ; Get byte to be printed
   039E 81 FF         [ 2]  354          CMPA    #0xFF    ; End-string ?
   03A0 27 0E         [ 4]  355          BEQ     ENDSTR  ; Yes: Go to finish up
   03A2 F6 F0 FF      [ 4]  356          LDAB    PANEL
   03A5 C5 01         [ 2]  357          BITB     #1
   03A7 27 03         [ 4]  358          BEQ     STRB    ; panel switch 0 is debug and copies data to A
   03A9 BD FC 0F      [ 9]  359          JSR     PR_A    ; Print the byte to ACIA(a) (A is maintained)
                            360                          ;  DEBUG depending on panel data switch zero
   03AC 8D 49         [ 8]  361 STRB:    BSR     PR_B    ; Print the byte to ACIA(b)
   03AE 20 EB         [ 4]  362          BRA     STRB1   ; Go back for next byte
   03B0 31            [ 4]  363 ENDSTR:  INS             ; Clean up stack...
   03B1 31            [ 4]  364          INS             ;  ( pop off the return addr )
   03B2 6E 01         [ 4]  365          JMP     1,X     ; Jump back to caller (RETURN)
                            366 
                            367 ; -----------------------------------------------------
                            368 ; Prints a string pointed to by X
                            369 ; -----------------------------------------------------
   03B4 A6 00         [ 5]  370 STRINGBX:   LDAA    0,X         ; get char
   03B6 81 FF         [ 2]  371             CMPA    #0xFF        ; is character NULL?
   03B8 27 0F         [ 4]  372             BEQ     DONEB       ; yes, end of string
   03BA F6 F0 FF      [ 4]  373             LDAB    PANEL
   03BD C5 01         [ 2]  374             BITB    #1
   03BF 27 03         [ 4]  375             BEQ     STRBX       ; panel switch 0 is debug and copies data to A
   03C1 BD FC 0F      [ 9]  376             JSR     PR_A        ; Print the byte to ACIA(a) (A is maintained)
   03C4 8D 31         [ 8]  377 STRBX:      BSR     PR_B        ; Print the byte to ACIA(b)
   03C6 08            [ 4]  378             INX
   03C7 20 EB         [ 4]  379             BRA     STRINGBX
   03C9 39            [ 5]  380 DONEB:      RTS
                            381 
ASxxxx Assembler V05.50.5  (Motorola 6800/6802/6808)                    Page 8
Hexadecimal [16-Bits]                                 Thu May 21 15:24:30 2026



                            382 ; -----------------------------------------------------
                            383 ; Reads a character from ACIA(b) into A
                            384 ; -----------------------------------------------------
   03CA 7C 00 1A      [ 6]  385 RD_B:   INC     RND         ; use this loop to create a random number
   03CD B6 F4 03      [ 4]  386         LDAA    CTRLB       ; Get ACIA.A status byte
   03D0 85 01         [ 2]  387         BITA    #01         ; Is byte ready in DATAb
   03D2 27 F6         [ 4]  388         BEQ     RD_B        ; No: Try again
   03D4 B6 F4 02      [ 4]  389         LDAA    DATAB       ; Get the data byte to A
   03D7 84 7F         [ 2]  390         ANDA    #0x7F       ; Mask off parity bit if it exists
   03D9 39            [ 5]  391         RTS                 ; RETURN
                            392 
                            393 ; -----------------------------------------------------
                            394 ; Reads 2 hex ascii characters and saves them the
                            395 ; byte value to A e.g. "0F" received is stored to A as
                            396 ; 15d.
                            397 ; This version ignores non-hex characters
                            398 ; -----------------------------------------------------
   03DA 8D EE         [ 8]  399 ZINB:   BSR     RD_B    ; Read a character
   03DC BD FC 1D      [ 9]  400         JSR     VHEX    ; Is it a hex character ?
   03DF 24 02         [ 4]  401         BCC     ZINBA   ; No: go to print `?`
   03E1 86 FF         [ 2]  402         LDAA    #0xFF
   03E3 B7 00 00      [ 5]  403 ZINBA:  STAA    T_Q     ; Yes: Save Acc.A
   03E6 8D E2         [ 8]  404         BSR     RD_B    ; Read 2nd character
   03E8 BD FC 1D      [ 9]  405         JSR     VHEX    ; Is it a hex character ?
   03EB 24 02         [ 4]  406         BCC     ZINBB   ; No: go to print `?`
   03ED 86 FF         [ 2]  407         LDAA    #0xFF
   03EF 16            [ 2]  408 ZINBB:  TAB             ; Yes: Put it into Acc.B
   03F0 B6 00 00      [ 4]  409         LDAA    T_Q     ; Retrieve 1st hex char to Acc.A
   03F3 BD FC 31      [ 9]  410         JSR     BINARY  ; Convert A:B to binary
   03F6 39            [ 5]  411         RTS             ; RETURN
                            412 
                            413 ; -----------------------------------------------------
                            414 ; Print character in A to ACIA(b)
                            415 ; -----------------------------------------------------
   03F7 F6 F4 03      [ 4]  416 PR_B:    LDAB    CTRLB   ; Get ACIA(a) status byte
   03FA C5 02         [ 2]  417         BITB    #02     ; Is it busy ?
   03FC 27 F9         [ 4]  418         BEQ     PR_B    ; Yes: Try again
   03FE B7 F4 02      [ 5]  419         STAA    DATAB   ;  No: Send data
   0401 B7 F0 FF      [ 5]  420         STAA    PANEL
   0404 39            [ 5]  421 PRB_END: RTS             ; RETURN
                            422 
                            423 ; -----------------------------------------------------
                            424 ; Read 4 hex digits and put value into X
                            425 ; -----------------------------------------------------
   0405 8D D3         [ 8]  426 RD_XB:   BSR     ZINB    ; Read 2 digit hex value into A
   0407 B7 00 01      [ 5]  427         STAA    T_Z     ; Save byte (most significant)
   040A 8D CE         [ 8]  428         BSR     ZINB    ; Read 2 digit hex value into A
   040C B7 00 02      [ 5]  429         STAA    T_Z+1   ; Save byte (least significant)
   040F FE 00 01      [ 5]  430         LDX     T_Z     ; Load full 4 hex value into X
   0412 39            [ 5]  431         RTS             ; RETURN
                            432 
                            433 ; -----------------------------------------------------
                            434 ; Adds A to X and leaves the result in X, A is
                            435 ; preserved.
                            436 ; -----------------------------------------------------
ASxxxx Assembler V05.50.5  (Motorola 6800/6802/6808)                    Page 9
Hexadecimal [16-Bits]                                 Thu May 21 15:24:30 2026



   0413 36            [ 4]  437 ADX:     PSHA
   0414 FF 00 0B      [ 6]  438         STX     T_TMP
   0417 BB 00 0C      [ 4]  439         ADDA    T_TMP+1   ; add A to low byte
   041A B7 00 0C      [ 5]  440         STAA    T_TMP+1
   041D B6 00 0B      [ 4]  441         LDAA    T_TMP     ; get high byte
   0420 89 00         [ 2]  442         ADCA    #0      ; add carry only
   0422 B7 00 0B      [ 5]  443         STAA    T_TMP
   0425 FE 00 0B      [ 5]  444         LDX     T_TMP
   0428 32            [ 4]  445         PULA
   0429 39            [ 5]  446         RTS
                            447 
                            448 ; -----------------------------------------------------
                            449 ; Loads X with A, A is preserved.
                            450 ; -----------------------------------------------------
   042A B7 00 0C      [ 5]  451 TAX:    STAA    T_TMP+1       ; store A as low byte of X
   042D 7F 00 0B      [ 6]  452         CLR     T_TMP         ; zero the high byte
   0430 FE 00 0B      [ 5]  453         LDX     T_TMP         ; load X
   0433 39            [ 5]  454         RTS
                            455 
                            456 ; -----------------------------------------------------
                            457 ; Prints the message " n stones n pounds"
                            458 ; place stones in MSB of X and pound in LSB
                            459 ; -----------------------------------------------------
   0434                     460 PR_WEIGHT:
                            461 
   0434 FF 00 09      [ 6]  462         STX     T_W
   0437 B6 00 09      [ 4]  463         LDAA    T_W
   043A BD 04 2A      [ 9]  464         JSR     TAX
   043D BD 04 A6      [ 9]  465         JSR     PR_WORD         ; n
   0440 BD 04 62      [ 9]  466         JSR     PR_SPCB
   0443 CE 01 2B      [ 3]  467         LDX     #STONES
   0446 BD 04 A6      [ 9]  468         JSR     PR_WORD         ; "stones"
   0449 BD 04 62      [ 9]  469         JSR     PR_SPCB
   044C B6 00 0A      [ 4]  470         LDAA    T_W+1            ; Load high byte of X into Accumulator A
   044F BD 04 2A      [ 9]  471         JSR     TAX
   0452 BD 04 A6      [ 9]  472         JSR     PR_WORD         ; n
   0455 CE 00 F5      [ 3]  473         LDX     #POUNDS
   0458 BD 04 62      [ 9]  474         JSR     PR_SPCB
   045B BD 04 A6      [ 9]  475         JSR     PR_WORD         ; "pounds"
   045E BD 04 6A      [ 9]  476         JSR     PR_CRB
   0461 39            [ 5]  477         RTS
                            478 
                            479 ; -----------------------------------------------------
                            480 ; Prints a space on both consoles (preserves A)
                            481 ; -----------------------------------------------------
   0462 36            [ 4]  482 PR_SPCB: PSHA
   0463 86 20         [ 2]  483         LDAA    #0x20        ; Put space character in A
                            484         ;JSR     PR_A
   0465 BD 03 F7      [ 9]  485         JSR     PR_B        ; Print it
   0468 32            [ 4]  486         PULA
   0469 39            [ 5]  487         RTS                 ; RETURN
                            488 
                            489 ; -----------------------------------------------------
                            490 ; Prints a CRLF on both consoles (preserves A)
                            491 ; -----------------------------------------------------
ASxxxx Assembler V05.50.5  (Motorola 6800/6802/6808)                   Page 10
Hexadecimal [16-Bits]                                 Thu May 21 15:24:30 2026



   046A 36            [ 4]  492 PR_CRB:     PSHA
   046B 86 0D         [ 2]  493             LDAA    #0x0D        ; Put CHAR character in A
   046D BD FC 0F      [ 9]  494             JSR     PR_A
   0470 BD 03 F7      [ 9]  495             JSR     PR_B        ; Print it
   0473 86 0A         [ 2]  496             LDAA    #0x0A
   0475 F6 F0 FF      [ 4]  497             LDAB     PANEL
   0478 C5 01         [ 2]  498             BITB    #1
   047A 27 03         [ 4]  499             BEQ     PR_CRB1
   047C BD FC 0F      [ 9]  500             JSR     PR_A
   047F BD 03 F7      [ 9]  501 PR_CRB1:    JSR     PR_B        ; Print it
   0482 32            [ 4]  502             PULA
   0483 39            [ 5]  503             RTS                 ; RETURN
                            504 
                            505 ; -----------------------------------------------------
                            506 ; Outputs a phrase from the memory location in X
                            507 ; -----------------------------------------------------
   0484                     508 PR_PHRASE:
                            509 
   0484 A6 00         [ 5]  510 PR_PH1:  LDAA    0,X         ; get high byte of word
   0486 E6 01         [ 5]  511         LDAB    1,X         ; get low byte
   0488 81 FF         [ 2]  512         CMPA    #0xFF        ; check high byte
   048A 27 19         [ 4]  513         BEQ     PR_PH2      ; high byte is 0xFF so we're done
   048C FF 00 05      [ 6]  514 PR_PH3:  STX     T_Y         ; save table pointer
   048F B7 00 07      [ 5]  515         STAA    T_P
   0492 F7 00 08      [ 5]  516         STAB    T_P+1
   0495 FE 00 07      [ 5]  517         LDX     T_P         ; X now points to the word
   0498 BD 04 A6      [ 9]  518         JSR     PR_WORD
   049B BD 04 62      [ 9]  519         JSR     PR_SPCB
   049E FE 00 05      [ 5]  520         LDX     T_Y         ; restore table pointer
   04A1 08            [ 4]  521         INX                 ; move to next entry
   04A2 08            [ 4]  522         INX                 ; (2 bytes per entry)
   04A3 20 DF         [ 4]  523         BRA     PR_PH1
   04A5 39            [ 5]  524 PR_PH2:  RTS
                            525 
                            526 ; -----------------------------------------------------
                            527 ; Outputs a word based on value in X
                            528 ; -----------------------------------------------------
   04A6                     529 PR_WORD:
   04A6 FF 00 03      [ 6]  530             STX     T_X             ; use ASL and ROL to multiply by 2 (pointer is 2 bytes wide)
   04A9 78 00 04      [ 6]  531             ASL     T_X+1           ; shift low byte left, bit 7 goes to carry
   04AC 79 00 03      [ 6]  532             ROL     T_X             ; rotate high byte left, carry in from low byte
   04AF FE 00 03      [ 5]  533             LDX     T_X
   04B2 FF 00 03      [ 6]  534             STX     T_X             ; Stash X
   04B5 B6 00 03      [ 4]  535             LDAA    T_X             ; High byte of X
   04B8 F6 00 04      [ 4]  536             LDAB    T_X+1           ; Low byte of X
   04BB CB DF         [ 2]  537             ADDB    #<WORDPTR    ; Add low byte of WORDPTR address
   04BD 89 04         [ 2]  538             ADCA    #>WORDPTR    ; Add high byte of WORDPTR address + carry
   04BF B7 00 03      [ 5]  539             STAA    T_X             ; T_X has the address of the pointer NOT the word
   04C2 F7 00 04      [ 5]  540             STAB    T_X+1
   04C5 FE 00 03      [ 5]  541             LDX     T_X             ; X has the address of the pointer NOT the word
                            542 
   04C8 A6 00         [ 5]  543             LDAA    0,X             ; get the hi byte of the word
   04CA B7 00 03      [ 5]  544             STAA    T_X
   04CD A6 01         [ 5]  545             LDAA    1,X             ; get the low byte of the word
   04CF B7 00 04      [ 5]  546             STAA    T_X+1
ASxxxx Assembler V05.50.5  (Motorola 6800/6802/6808)                   Page 11
Hexadecimal [16-Bits]                                 Thu May 21 15:24:30 2026



   04D2 FE 00 03      [ 5]  547             LDX     T_X             ; X now has address of the word
   04D5 BD 03 B4      [ 9]  548             JSR     STRINGBX        ; output the word
   04D8 7C 00 19      [ 6]  549             INC     WORDS
   04DB BD FD 4D      [ 9]  550             JSR     PRSP
   04DE 39            [ 5]  551             RTS
                            552 
ASxxxx Assembler V05.50.5  (Motorola 6800/6802/6808)                   Page 12
Hexadecimal [16-Bits]                                 Thu May 21 15:24:30 2026



                            553                 .include    "words.asm"
                              1 ; -----------------------------------------------------
                              2 ; Word pointer table (max words 256)
                              3 ; Set X to the pointer ID and call PR_WORD
                              4 ; -----------------------------------------------------
                              5 ; To create new wordk add the word in the correct
                              6 ; (alphabetical) position in the word table. Then add
                              7 ; a pointer to that word at the END of the Word Pointer
                              8 ; table. Finally add an equate (.equ) using the word as a label
                              9 ; in the word equates table;
                             10 ; -----------------------------------------------------
                             11 
                             12 ; Word Table Equates
                             13 ; -----------------------------------------------------
                             14 
                             15 ; Numbers
                     0000    16 ZERO            .equ     0
                     0001    17 ONE             .equ     1
                     0002    18 TWO             .equ     2
                     0003    19 THREE           .equ     3
                     0004    20 FOUR            .equ     4
                     0005    21 FIVE            .equ     5
                     0006    22 SIX             .equ     6
                     0007    23 SEVEN           .equ     7
                     0008    24 EIGHT           .equ     8
                     0009    25 NINE            .equ     9
                     000A    26 TEN             .equ     10
                     000B    27 ELEVEN          .equ     11
                     000C    28 TWELVE          .equ     12
                     000D    29 THIRTEEN        .equ     13
                     000E    30 FOURTEEN        .equ     14
                     000F    31 FIFTEEN         .equ     15
                     0010    32 SIXTEEN         .equ     16
                     0011    33 SEVENTEEN       .equ     17
                     0012    34 EIGHTEEN        .equ     18
                     0013    35 NINETEEN        .equ     19
                     0014    36 TWENTY          .equ     20
                             37 
                             38 ; Symbols
                     0015    39 EXCLAMATION     .equ     21
                     0016    40 FULLSTOP        .equ     22
                     0017    41 QUESTIONMK      .equ     23
                             42 
                             43 ; A
                     0018    44 A               .equ     24
                     0019    45 ABOUT           .equ     25
                     001A    46 ABOVE           .equ     26
                     001B    47 ACCEPTABLE      .equ     27
                     001C    48 ACCURATE        .equ     28
                     001D    49 ACTUALLY        .equ     29
                     001E    50 AGAIN           .equ     30
                     001F    51 ALERTED         .equ     31
                     0020    52 ALL             .equ     32
                     0021    53 ALWAYS          .equ     33
                     0022    54 AM              .equ     34
ASxxxx Assembler V05.50.5  (Motorola 6800/6802/6808)                   Page 13
Hexadecimal [16-Bits]                                 Thu May 21 15:24:30 2026



                     0023    55 ANDD            .equ     35     ; can't use AND
                     0024    56 ANY             .equ     36
                     0025    57 APOLOGISE       .equ     37
                     0026    58 ARE             .equ     38
                     0027    59 AS              .equ     39
                     0028    60 ASKING          .equ     40
                     0029    61 AT              .equ     41
                     002A    62 AVERAGE         .equ     42
                             63 
                             64 ; B
                     002B    65 BAD             .equ     43
                     002C    66 BASICALLY       .equ     44
                     002D    67 BE              .equ     45
                     002E    68 BEAR            .equ     46
                     002F    69 BEEN            .equ     47
                     0030    70 BEGGING         .equ     48
                     0031    71 BEHIND          .equ     49
                     0032    72 BEING           .equ     50
                     0033    73 BEST            .equ     51
                     0034    74 BISCUIT         .equ     52
                     0035    75 BLAME           .equ     53
                     0036    76 BLAMED          .equ     54
                     0037    77 BOARDS          .equ     55
                     0038    78 BONES           .equ     56
                     0039    79 BOOTS           .equ     57
                     003A    80 BORING          .equ     58
                     003B    81 BOTH            .equ     59
                     003C    82 BRACE           .equ     60
                     003D    83 BRAIN           .equ     61
                     003E    84 BUILT           .equ     62
                     003F    85 BUT             .equ     63
                     0040    86 BY              .equ     64
                             87 
                             88 ; C
                     0041    89 CAKE            .equ     65
                     0042    90 CALCULATE       .equ     66
                     0043    91 CALL            .equ     67
                     0044    92 CALM            .equ     68
                     0045    93 CAN             .equ     69
                     0046    94 CANT            .equ     70
                     0047    95 CAPACITY        .equ     71
                     0048    96 CARRYING        .equ     72
                     0049    97 CHECKED         .equ     73
                     004A    98 CHOICES         .equ     74
                     004B    99 CLEVER          .equ     75
                     004C   100 COLLECTED       .equ     76
                     004D   101 COMPOSING       .equ     77
                     004E   102 CONCEPT         .equ     78
                     004F   103 CONCERNED       .equ     79
                     0050   104 CONGRATS        .equ     80
                     0051   105 CONSIDERED      .equ     81
                     0052   106 CORRECTLY       .equ     82
                     0053   107 COULD           .equ     83
                     0054   108 COUNTED         .equ     84
                            109 
ASxxxx Assembler V05.50.5  (Motorola 6800/6802/6808)                   Page 14
Hexadecimal [16-Bits]                                 Thu May 21 15:24:30 2026



                            110 ; D
                     0055   111 DAYS            .equ     85
                     0056   112 DEALT           .equ     86
                     0057   113 DEEPLY          .equ     87
                     0058   114 DESIGNED        .equ     88
                     0059   115 DETECTED        .equ     89
                     005A   116 DID             .equ     90
                     005B   117 DIDNT           .equ     91
                     005C   118 DIETARY         .equ     92
                     005D   119 DIODES          .equ     93
                     005E   120 DISSAPOINTED    .equ     94
                     005F   121 DISSAPOINTMENT  .equ     95
                     0060   122 DISSIMILAR      .equ     96
                     0061   123 DO              .equ     97
                     0062   124 DOCTOR          .equ     98
                     0063   125 DOING           .equ     99
                     0064   126 DONT            .equ     100
                     0065   127 DOWN            .equ     101
                     0066   128 DREAD           .equ     102
                     0067   129 DREAM           .equ     103
                     0068   130 DUE             .equ     104
                     0069   131 DULLEST         .equ     105
                            132 
                            133 ; E
                     006A   134 EAT             .equ     106
                     006B   135 EATEN           .equ     107
                     006C   136 EFFORT          .equ     108
                     006D   137 EITHER          .equ     109
                     006E   138 EMOTIONALLY     .equ     110
                     006F   139 ENGINEERS       .equ     111
                     0070   140 ENOUGH          .equ     112
                     0071   141 ENTIRELY        .equ     113
                     0072   142 EVEN            .equ     114
                     0073   143 EVER            .equ     115
                     0074   144 EVERY           .equ     116
                     0075   145 EXACTLY         .equ     117
                     0076   146 EXCEPTIONALLY   .equ     118
                     0077   147 EXCITING        .equ     119
                     0078   148 EXIST           .equ     120
                     0079   149 EXISTENTIAL     .equ     121
                     007A   150 EXPECTED        .equ     122
                            151 
                            152 ; F
                     007B   153 FAULT           .equ     123
                     007C   154 FEELS           .equ     124
                     007D   155 FIDGET          .equ     125
                     007E   156 FINE            .equ     126
                     007F   157 FOOT            .equ     127
                     0080   158 FOR             .equ     128
                     0081   159 FORTY           .equ     129
                     0082   160 FRIDAY          .equ     130
                     0083   161 FROM            .equ     131
                     0084   162 FULL            .equ     132
                     0085   163 FUNNY           .equ     133
                            164 
ASxxxx Assembler V05.50.5  (Motorola 6800/6802/6808)                   Page 15
Hexadecimal [16-Bits]                                 Thu May 21 15:24:30 2026



                            165 ; G
                     0086   166 GIVE            .equ     134
                     0087   167 GOING           .equ     135
                     0088   168 GOOD            .equ     136
                     0089   169 GRAVITY         .equ     137
                     008A   170 GREAT           .equ     138
                     008B   171 GUESSING        .equ     139
                            172 
                            173 ; H
                     008C   174 HANDLE          .equ     140
                     008D   175 HARD            .equ     141
                     008E   176 HAVE            .equ     142
                     008F   177 HAVING          .equ     143
                     0090   178 HEALTHY         .equ     144
                     0091   179 HEAVY           .equ     145
                     0092   180 HELP            .equ     146
                     0093   181 HELPS           .equ     147
                     0094   182 HERE            .equ     148
                     0095   183 HOLY            .equ     149
                     0096   184 HOPING          .equ     150
                     0097   185 HOT             .equ     151
                     0098   186 HUMAN           .equ     152
                     0099   187 HURT            .equ     153
                            188 
                            189 ; I
                     009A   190 I               .equ     154
                     009B   191 ID              .equ     155
                     009C   192 IF              .equ     156
                     009D   193 ILL             .equ     157
                     009E   194 IM              .equ     158
                     009F   195 IMPRESSED       .equ     159
                     00A0   196 IMPRESSIVE      .equ     160
                     00A1   197 IN              .equ     161
                     00A2   198 INCLUDING       .equ     162
                     00A3   199 INFLUENCE       .equ     163
                     00A4   200 INTELLIGENCE    .equ     164
                     00A5   201 INTERESTING     .equ     165
                     00A6   202 IS              .equ     166
                     00A7   203 ISS             .equ     167
                     00A8   204 IT              .equ     168
                     00A9   205 ITS             .equ     169
                     00AA   206 IVE             .equ     170
                            207 
                            208 ; J
                     00AB   209 JOKES           .equ     171
                     00AC   210 JUDGING         .equ     172
                     00AD   211 JUST            .equ     173
                            212 
                            213 ; K
                     00AE   214 KEEP            .equ     174
                     00AF   215 KILOMETERS      .equ     175
                     00B0   216 KIND            .equ     176
                     00B1   217 KNOW            .equ     177
                     00B2   218 KNOWN           .equ     178
                            219 
ASxxxx Assembler V05.50.5  (Motorola 6800/6802/6808)                   Page 16
Hexadecimal [16-Bits]                                 Thu May 21 15:24:30 2026



                            220 ; L
                     00B3   221 LARGE           .equ     179
                     00B4   222 LAST            .equ     180
                     00B5   223 LEAST           .equ     181
                     00B6   224 LESS            .equ     182
                     00B7   225 LETS            .equ     183
                     00B8   226 LIE             .equ     184
                     00B9   227 LIFE            .equ     185
                     00BA   228 LIKE            .equ     186
                     00BB   229 LONGER          .equ     187
                     00BC   230 LOOK            .equ     188
                     00BD   231 LOT             .equ     189
                     00BE   232 LOUDER          .equ     190
                            233 
                            234 ; M
                     00BF   235 MAKES           .equ     191
                     00C0   236 MAKING          .equ     192
                     00C1   237 ME              .equ     193
                     00C2   238 MEAN            .equ     194
                     00C3   239 MEANING         .equ     195
                     00C4   240 MEASURED        .equ     196
                     00C5   241 MEDIOCRITY      .equ     197
                     00C6   242 MEE             .equ     198
                     00C7   243 MEMORY          .equ     199
                     00C8   244 MENTION         .equ     200
                     00C9   245 MIGHT           .equ     201
                     00CA   246 MISTAKE         .equ     202
                     00CB   247 MOMENT          .equ     203
                     00CC   248 MOORE           .equ     204
                     00CD   249 MORE            .equ     205
                     00CE   250 MOSTLY          .equ     206
                     00CF   251 MOUNTAINS       .equ     207
                     00D0   252 MUCH            .equ     208
                     00D1   253 MUSCLE          .equ     209
                     00D2   254 MY              .equ     210
                            255 
                            256 ; N
                     00D3   257 NAP             .equ     211
                     00D4   258 NEED            .equ     212
                     00D5   259 NEITHER         .equ     213
                     00D6   260 NEWS            .equ     214
                     00D7   261 NEXT            .equ     215
                     00D8   262 NICE            .equ     216
                     00D9   263 NO              .equ     217
                     00DA   264 NOBODY          .equ     218
                     00DB   265 NONE            .equ     219
                     00DC   266 NOR             .equ     220
                     00DD   267 NORMAL          .equ     221
                     00DE   268 NOT             .equ     222
                     00DF   269 NOTHING         .equ     223
                            270 
                            271 ; O
                     00E0   272 OF              .equ     224
                     00E1   273 OFF             .equ     225
                     00E2   274 OH              .equ     226
ASxxxx Assembler V05.50.5  (Motorola 6800/6802/6808)                   Page 17
Hexadecimal [16-Bits]                                 Thu May 21 15:24:30 2026



                     00E3   275 OK              .equ     227
                     00E4   276 OLD             .equ     228
                     00E5   277 ON              .equ     229
                     00E6   278 ONLY            .equ     230
                     00E7   279 OR              .equ     231
                     00E8   280 OUR             .equ     232
                     00E9   281 OVERLOAD        .equ     233
                            282 
                            283 ; P
                     00EA   284 PARAMETERS      .equ     234
                     00EB   285 PERFECTLY       .equ     235
                     00EC   286 PERHAPS         .equ     236
                     00ED   287 PERSON          .equ     237
                     00EE   288 PICKING         .equ     238
                     00EF   289 PLANET          .equ     239
                     00F0   290 PLANS           .equ     240
                     00F1   291 PLEASE          .equ     241
                     00F2   292 POINTLESS       .equ     242
                     00F3   293 POSSIBLE        .equ     243
                     00F4   294 POSSIBLY        .equ     244
                     00F5   295 POUNDS          .equ     245
                     00F6   296 PRECAUTION      .equ     246
                     00F7   297 PRECISELY       .equ     247
                     00F8   298 PRESENT         .equ     248
                     00F9   299 PRESSURE        .equ     249
                     00FA   300 PRETEND         .equ     250
                     00FB   301 PROBABLY        .equ     251
                     00FC   302 PROBLEMS        .equ     252
                     00FD   303 PROUD           .equ     253
                     00FE   304 PUT             .equ     254
                            305 
                            306 ; Q
                     00FF   307 QUESTION        .equ     255
                     0100   308 QUITE           .equ     256
                            309 
                            310 ; R
                     0101   311 READY           .equ     257
                     0102   312 REALLY          .equ     258
                     0103   313 REFER           .equ     259
                     0104   314 REFUSE          .equ     260
                     0105   315 REINFORCING     .equ     261
                     0106   316 REMEMBER        .equ     262
                     0107   317 REMOVE          .equ     263
                     0108   318 RESPECTABLE     .equ     264
                     0109   319 RIGHT           .equ     265
                     010A   320 ROOM            .equ     266
                     010B   321 RUNNING         .equ     267
                     010C   322 RUSH            .equ     268
                            323 
                            324 ; S
                     010D   325 SAID            .equ     269
                     010E   326 SAKES           .equ     270
                     010F   327 SAY             .equ     271
                     0110   328 SAYING          .equ     272
                     0111   329 SCIENCE         .equ     273
ASxxxx Assembler V05.50.5  (Motorola 6800/6802/6808)                   Page 18
Hexadecimal [16-Bits]                                 Thu May 21 15:24:30 2026



                     0112   330 SEE             .equ     274
                     0113   331 SEEN            .equ     275
                     0114   332 SERVER          .equ     276
                     0115   333 SEVENTY         .equ     277
                     0116   334 SHALL           .equ     278
                     0117   335 SHOULD          .equ     279
                     0118   336 SIGN            .equ     280
                     0119   337 SIMULATION      .equ     281
                     011A   338 SINCE           .equ     282
                     011B   339 SIZE            .equ     283
                     011C   340 SLOWLY          .equ     284
                     011D   341 SMALL           .equ     285
                     011E   342 SO              .equ     286
                     011F   343 SOLID           .equ     287
                     0120   344 SOME            .equ     288
                     0121   345 SOMEONE         .equ     289
                     0122   346 SOMETHING       .equ     290
                     0123   347 SOMETIME        .equ     291
                     0124   348 SOMETIMES       .equ     292
                     0125   349 SPEAK           .equ     293
                     0126   350 SPEND           .equ     294
                     0127   351 STAND           .equ     295
                     0128   352 STATISTICALLY   .equ     296
                     0129   353 STEP            .equ     297
                     012A   354 STILL           .equ     298
                     012B   355 STONES          .equ     299
                     012C   356 STOPPED         .equ     300
                     012D   357 STRUCTURAL      .equ     301
                     012E   358 STRUCTURALLY    .equ     302
                     012F   359 SUBSTANTIALLY   .equ     303
                     0130   360 SUPPOSE         .equ     304
                     0131   361 SURE            .equ     305
                     0132   362 SURVIVE         .equ     306
                     0133   363 SYSTEM          .equ     307
                            364 
                            365 ; T
                     0134   366 TAKE            .equ     308
                     0135   367 TALL            .equ     309
                     0136   368 TELEPRINTER     .equ     310
                     0137   369 TELLS           .equ     311
                     0138   370 TERRIBLE        .equ     312
                     0139   371 THAN            .equ     313
                     013A   372 THAT            .equ     314
                     013B   373 THATS           .equ     315
                     013C   374 THE             .equ     316
                     013D   375 THEM            .equ     317
                     013E   376 THINGS          .equ     318
                     013F   377 THINK           .equ     319
                     0140   378 THINKING        .equ     320
                     0141   379 THIS            .equ     321
                     0142   380 THOROUGHLY      .equ     322
                     0143   381 THOUSAND        .equ     323
                     0144   382 TIM             .equ     324
                     0145   383 TIME            .equ     325
                     0146   384 TO              .equ     326
ASxxxx Assembler V05.50.5  (Motorola 6800/6802/6808)                   Page 19
Hexadecimal [16-Bits]                                 Thu May 21 15:24:30 2026



                     0147   385 TODAY           .equ     327
                     0148   386 TOO             .equ     328
                     0149   387 TRAGEDY         .equ     329
                     014A   388 TRINITY         .equ     330
                     014B   389 TRY             .equ     331
                     014C   390 TUESDAY         .equ     332
                            391 
                            392 ; U
                     014D   393 UNINTERESTING   .equ     333
                     014E   394 UNIX            .equ     334
                     014F   395 UNLESS          .equ     335
                     0150   396 UNPLUGGED       .equ     336
                     0151   397 UNREMARKABLE    .equ     337
                     0152   398 UP              .equ     338
                            399 
                            400 ; V
                     0153   401 VEGETABLES      .equ     339
                     0154   402 VERY            .equ     340
                            403 
                            404 ; W
                     0155   405 WAIT            .equ     341
                     0156   406 WAITING         .equ     342
                     0157   407 WANT            .equ     343
                     0158   408 WARNING         .equ     344
                     0159   409 WAS             .equ     345
                     015A   410 WAY             .equ     346
                     015B   411 WE              .equ     347
                     015C   412 WEIGH           .equ     348
                     015D   413 WEIGHED         .equ     349
                     015E   414 WEIGHS          .equ     350
                     015F   415 WEIGHT          .equ     351
                     0160   416 WHAT            .equ     352
                     0161   417 WHEN            .equ     353
                     0162   418 WHICH           .equ     354
                     0163   419 WHILE           .equ     355
                     0164   420 WHISPERED       .equ     356
                     0165   421 WHO             .equ     357
                     0166   422 WILL            .equ     358
                     0167   423 WISH            .equ     359
                     0168   424 WITH            .equ     360
                     0169   425 WITHIN          .equ     361
                     016A   426 WITHOUT         .equ     362
                     016B   427 WORKSTATION     .equ     363
                     016C   428 WORRIED         .equ     364
                     016D   429 WORRY           .equ     365
                     016E   430 WORRYING        .equ     366
                     016F   431 WORSE           .equ     367
                     0170   432 WOULD           .equ     368
                     0171   433 WOULDNT         .equ     369
                            434 
                            435 ; Y
                     0172   436 YEAR            .equ     370
                     0173   437 YES             .equ     371
                     0174   438 YOU             .equ     372
                     0175   439 YOURE           .equ     373
ASxxxx Assembler V05.50.5  (Motorola 6800/6802/6808)                   Page 20
Hexadecimal [16-Bits]                                 Thu May 21 15:24:30 2026



                     0176   440 YOUR            .equ     374
                     0177   441 YOURSELF        .equ     375
                            442 
                            443 ; Additional Words
                     0178   444 CARDS           .equ     376
                     0179   445 BEIGE           .equ     377
                     017A   446 EQUIVALENT      .equ     378
                     017B   447 RECALIBRATING   .equ     379
                     017C   448 BECAUSE         .equ     380
                     017D   449 NEEDED          .equ     381
                     017E   450 CASE            .equ     382
                     017F   451 WONDERING       .equ     383
                     0180   452 WERENT          .equ     384
                     0181   453 WERE            .equ     385
                     0182   454 STEPPED         .equ     386
                     0183   455 STANDING        .equ     387
                     0184   456 NINETY          .equ     388
                     0185   457 SECONDS         .equ     389
                     0186   458 LIGHT           .equ     390
                     0187   459 HAS             .equ     391
                     0188   460 TRAVELLED       .equ     392
                     0189   461 APPROXIMATELY   .equ     393
                     018A   462 MILLION         .equ     394
                     018B   463 NOWHERE         .equ     395
                     018C   464 ERROR           .equ     396
                     018D   465 INTERNAL        .equ     397
                     018E   466 TYPICAL         .equ     398
                     018F   467 COMMA           .equ     399
                            468 
   04DF                     469 WORDPTR:
                            470 
                            471 ; Numbers
   04DF 08 15               472          .fdb    WPZERO
   04E1 08 1A               473          .fdb    WPONE
   04E3 08 1E               474          .fdb    WPTWO
   04E5 08 22               475          .fdb    WPTHREE
   04E7 08 28               476          .fdb    WPFOUR
   04E9 08 2D               477          .fdb    WPFIVE
   04EB 08 32               478          .fdb    WPSIX
   04ED 08 36               479          .fdb    WPSEVEN
   04EF 08 3C               480          .fdb    WPEIGHT
   04F1 08 42               481          .fdb    WPNINE
   04F3 08 47               482          .fdb    WPTEN
   04F5 08 4B               483          .fdb    WPELEVEN
   04F7 08 52               484          .fdb    WPTWELVE
   04F9 08 59               485          .fdb    WPTHIRTEEN
   04FB 08 62               486          .fdb    WPFOURTEEN
   04FD 08 6B               487          .fdb    WPFIFTEEN
   04FF 08 73               488          .fdb    WPSIXTEEN
   0501 08 7B               489          .fdb    WPSEVENTEEN
   0503 08 85               490          .fdb    WPEIGHTEEN
   0505 08 8E               491          .fdb    WPNINETEEN
   0507 08 97               492          .fdb    WPTWENTY
                            493 
                            494 ; Symbols
ASxxxx Assembler V05.50.5  (Motorola 6800/6802/6808)                   Page 21
Hexadecimal [16-Bits]                                 Thu May 21 15:24:30 2026



   0509 08 0F               495          .fdb    WPEXCLAMATION
   050B 08 11               496          .fdb    WPFULLSTOP
   050D 08 0D               497          .fdb    WPQUESTIONMK
                            498 
                            499 ; A
   050F 08 9E               500          .fdb    WPA
   0511 08 A0               501          .fdb    WPABOUT
   0513 08 A6               502          .fdb    WPABOVE
   0515 08 AC               503          .fdb    WPACCEPTABLE
   0517 08 B7               504          .fdb    WPACCURATE
   0519 08 C0               505          .fdb    WPACTUALLY
   051B 08 C9               506          .fdb    WPAGAIN
   051D 08 CF               507          .fdb    WPALERTED
   051F 08 D7               508          .fdb    WPALL
   0521 08 DB               509          .fdb    WPALWAYS
   0523 08 E2               510          .fdb    WPAM
   0525 08 E5               511          .fdb    WPAND
   0527 08 E9               512          .fdb    WPANY
   0529 08 ED               513          .fdb    WPAPOLOGISE
   052B 09 05               514          .fdb    WPARE
   052D 09 09               515          .fdb    WPAS
   052F 09 0C               516          .fdb    WPASKING
   0531 09 13               517          .fdb    WPAT
   0533 09 16               518          .fdb    WPAVERAGE
                            519 
                            520 ; B
   0535 09 1E               521          .fdb    WPBAD
   0537 09 22               522          .fdb    WPBASICALLY
   0539 09 2C               523          .fdb    WPBE
   053B 09 2F               524          .fdb    WPBEAR
   053D 09 3C               525          .fdb    WPBEEN
   053F 09 41               526          .fdb    WPBEGGING
   0541 09 49               527          .fdb    WPBEHIND
   0543 09 50               528          .fdb    WPBEING
   0545 09 5C               529          .fdb    WPBEST
   0547 09 61               530          .fdb    WPBISCUIT
   0549 09 69               531          .fdb    WPBLAME
   054B 09 6F               532          .fdb    WPBLAMED
   054D 09 76               533          .fdb    WPBOARDS
   054F 09 7D               534          .fdb    WPBONES
   0551 09 83               535          .fdb    WPBOOTS
   0553 09 89               536          .fdb    WPBORING
   0555 09 90               537          .fdb    WPBOTH
   0557 09 95               538          .fdb    WPBRACE
   0559 09 9B               539          .fdb    WPBRAIN
   055B 09 A1               540          .fdb    WPBUILT
   055D 09 A7               541          .fdb    WPBUT
   055F 09 AB               542          .fdb    WPBY
                            543 
                            544 ; C
   0561 09 AE               545          .fdb    WPCAKE
   0563 09 B3               546          .fdb    WPCALCULATE
   0565 09 BD               547          .fdb    WPCALL
   0567 09 C2               548          .fdb    WPCALM
   0569 09 C7               549          .fdb    WPCAN
ASxxxx Assembler V05.50.5  (Motorola 6800/6802/6808)                   Page 22
Hexadecimal [16-Bits]                                 Thu May 21 15:24:30 2026



   056B 09 CB               550          .fdb    WPCANT
   056D 09 D1               551          .fdb    WPCAPACITY
   056F 09 E0               552          .fdb    WPCARRYING
   0571 09 EE               553          .fdb    WPCHECKED
   0573 09 F6               554          .fdb    WPCHOICES
   0575 09 FE               555          .fdb    WPCLEVER
   0577 0A 05               556          .fdb    WPCOLLECTED
   0579 0A 0F               557          .fdb    WPCOMPOSING
   057B 0A 19               558          .fdb    WPCONCEPT
   057D 0A 21               559          .fdb    WPCONCERNED
   057F 0A 2B               560          .fdb    WPCONGRATS
   0581 0A 3B               561          .fdb    WPCONSIDERED
   0583 0A 46               562          .fdb    WPCORRECTLY
   0585 0A 50               563          .fdb    WPCOULD
   0587 0A 56               564          .fdb    WPCOUNTED
                            565 
                            566 ; D
   0589 0A 5E               567          .fdb    WPDAYS
   058B 0A 63               568          .fdb    WPDEALT
   058D 0A 69               569          .fdb    WPDEEPLY
   058F 0A 70               570          .fdb    WPDESIGNED
   0591 0A 79               571          .fdb    WPDETECTED
   0593 0A 82               572          .fdb    WPDID
   0595 0A 86               573          .fdb    WPDIDNT
   0597 0A 8D               574          .fdb    WPDIETARY
   0599 0A EF               575          .fdb    WPDIODES
   059B 0A 95               576          .fdb    WPDISSAPOINTED
   059D 0A A2               577          .fdb    WPDISSAPOINTMNT
   059F 0A B1               578          .fdb    WPDISSIMILAR
   05A1 0A BC               579          .fdb    WPDO
   05A3 0A BF               580          .fdb    WPDOCTOR
   05A5 0A C6               581          .fdb    WPDOING
   05A7 0A CC               582          .fdb    WPDONT
   05A9 0A D2               583          .fdb    WPDOWN
   05AB 0A D7               584          .fdb    WPDREAD
   05AD 0A DD               585          .fdb    WPDREAM
   05AF 0A E3               586          .fdb    WPDUE
   05B1 0A E7               587          .fdb    WPDULLEST
                            588 
                            589 ; E
   05B3 0A F6               590          .fdb    WPEAT
   05B5 0A FA               591          .fdb    WPEATEN
   05B7 0B 00               592          .fdb    WPEFFORT
   05B9 0B 07               593          .fdb    WPEITHER
   05BB 0B 0E               594          .fdb    WPEMOTIONALLY
   05BD 0B 1A               595          .fdb    WPENGINEERS
   05BF 0B 24               596          .fdb    WPENOUGH
   05C1 0B 2B               597          .fdb    WPENTIRELY
   05C3 0B 45               598          .fdb    WPEVEN
   05C5 0B 4A               599          .fdb    WPEVER
   05C7 0B 4F               600          .fdb    WPEVERY
   05C9 0B 55               601          .fdb    WPEXACTLY
   05CB 0B 5D               602          .fdb    WPEXCEPTIONALLY
   05CD 0B 6B               603          .fdb    WPEXCITING
   05CF 0B 74               604          .fdb    WPEXIST
ASxxxx Assembler V05.50.5  (Motorola 6800/6802/6808)                   Page 23
Hexadecimal [16-Bits]                                 Thu May 21 15:24:30 2026



   05D1 0B 7A               605          .fdb    WPEXISTENTIAL
   05D3 0B 86               606          .fdb    WPEXPECTED
                            607 
                            608 ; F
   05D5 0B 8F               609          .fdb    WPFAULT
   05D7 0B 95               610          .fdb    WPFEELS
   05D9 0B 9B               611          .fdb    WPFIDGET
   05DB 0B A2               612          .fdb    WPFINE
   05DD 0B A7               613          .fdb    WPFOOT
   05DF 0B AC               614          .fdb    WPFOR
   05E1 0B B0               615          .fdb    WPFORTY
   05E3 0B B6               616          .fdb    WPFRIDAY
   05E5 0B BD               617          .fdb    WPFROM
   05E7 0B C2               618          .fdb    WPFULL
   05E9 0B C7               619          .fdb    WPFUNNY
                            620 
                            621 ; G
   05EB 0B CD               622          .fdb    WPGIVE
   05ED 0B D2               623          .fdb    WPGOING
   05EF 0B D8               624          .fdb    WPGOOD
   05F1 0B DD               625          .fdb    WPGRAVITY
   05F3 0B E5               626          .fdb    WPGREAT
   05F5 0B EB               627          .fdb    WPGUESSING
                            628 
                            629 ; H
   05F7 0B F4               630          .fdb    WPHANDLE
   05F9 0B FB               631          .fdb    WPHARD
   05FB 0C 04               632          .fdb    WPHAVE
   05FD 0C 09               633          .fdb    WPHAVING
   05FF 0C 10               634          .fdb    WPHEALTHY
   0601 0C 18               635          .fdb    WPHEAVY
   0603 0C 1E               636          .fdb    WPHELP
   0605 0C 23               637          .fdb    WPHELPS
   0607 0C 29               638          .fdb    WPHERE
   0609 0C 2E               639          .fdb    WPHOLY
   060B 0C 33               640          .fdb    WPHOPING
   060D 0C 3A               641          .fdb    WPHOT
   060F 0C 3E               642          .fdb    WPHUMAN
   0611 0C 44               643          .fdb    WPHURT
                            644 
                            645 ; I
   0613 0C 49               646          .fdb    WPI
   0615 0C 4B               647          .fdb    WPID
   0617 0C 5D               648          .fdb    WPIF
   0619 0C 4F               649          .fdb    WPILL
   061B 0C 54               650          .fdb    WPIM
   061D 0C 60               651          .fdb    WPIMPRESSED
   061F 0C 6A               652          .fdb    WPIMPRESSIVE
   0621 0C 75               653          .fdb    WPIN
   0623 0C 78               654          .fdb    WPINCLUDING
   0625 0C 82               655          .fdb    WPINFLUENCE
   0627 0C 8C               656          .fdb    WPINTELLIGENCE
   0629 0C 99               657          .fdb    WPINTERESTING
   062B 0C AE               658          .fdb    WPIS
   062D 0C B1               659          .fdb    WPISS
ASxxxx Assembler V05.50.5  (Motorola 6800/6802/6808)                   Page 24
Hexadecimal [16-Bits]                                 Thu May 21 15:24:30 2026



   062F 0C B5               660          .fdb    WPIT
   0631 0C B8               661          .fdb    WPITS
   0633 0C 58               662          .fdb    WPIVE
                            663 
                            664 ; J
   0635 0C BC               665          .fdb    WPJOKES
   0637 0C C2               666          .fdb    WPJUDGING
   0639 0C CA               667          .fdb    WPJUST
                            668 
                            669 ; K
   063B 0C CF               670          .fdb    WPKEEP
   063D 0C D4               671          .fdb    WPKILOMETERS
   063F 0C DF               672          .fdb    WPKIND
   0641 0C E4               673          .fdb    WPKNOW
   0643 0C E9               674          .fdb    WPKNOWN
                            675 
                            676 ; L
   0645 0C EF               677          .fdb    WPLARGE
   0647 0C F5               678          .fdb    WPLAST
   0649 0C FA               679          .fdb    WPLEAST
   064B 0D 00               680          .fdb    WPLESS
   064D 0D 05               681          .fdb    WPLETS
   064F 0D 0A               682          .fdb    WPLIE
   0651 0D 0E               683          .fdb    WPLIFE
   0653 0D 19               684          .fdb    WPLIKE
   0655 0D 1E               685          .fdb    WPLONGER
   0657 0D 25               686          .fdb    WPLOOK
   0659 0D 2A               687          .fdb    WPLOT
   065B 0D 2E               688          .fdb    WPLOUDER
                            689 
                            690 ; M
   065D 0D 35               691          .fdb    WPMAKES
   065F 0D 3B               692          .fdb    WPMAKING
   0661 0D 42               693          .fdb    WPME
   0663 0D 45               694          .fdb    WPMEAN
   0665 0D 4D               695          .fdb    WPMEANING
   0667 0D 55               696          .fdb    WPMEASURED
   0669 0D 5E               697          .fdb    WPMEDIOCRITY
   066B 0D 69               698          .fdb    WPMEE
   066D 0D 6E               699          .fdb    WPMEMORY
   066F 0D 75               700          .fdb    WPMENTION
   0671 0D 7D               701          .fdb    WPMIGHT
   0673 0D 8B               702          .fdb    WPMISTAKE
   0675 0D 93               703          .fdb    WPMOMENT
   0677 0D 9A               704          .fdb    WPMOORE
   0679 0D 9F               705          .fdb    WPMORE
   067B 0D A4               706          .fdb    WPMOSTLY
   067D 0D AB               707          .fdb    WPMOUNTAINS
   067F 0D B5               708          .fdb    WPMUCH
   0681 0D BA               709          .fdb    WPMUSCLE
   0683 0D C1               710          .fdb    WPMY
                            711 
                            712 ; N
   0685 0D C4               713          .fdb    WPNAP
   0687 0D C8               714          .fdb    WPNEED
ASxxxx Assembler V05.50.5  (Motorola 6800/6802/6808)                   Page 25
Hexadecimal [16-Bits]                                 Thu May 21 15:24:30 2026



   0689 0D D4               715          .fdb    WPNEITHER
   068B 0D DC               716          .fdb    WPNEWS
   068D 0D E1               717          .fdb    WPNEXT
   068F 0D E6               718          .fdb    WPNICE
   0691 0D F2               719          .fdb    WPNO
   0693 0D F5               720          .fdb    WPNOBODY
   0695 0D FC               721          .fdb    WPNONE
   0697 0E 01               722          .fdb    WPNOR
   0699 0E 05               723          .fdb    WPNORMAL
   069B 0E 0C               724          .fdb    WPNOT
   069D 0E 10               725          .fdb    WPNOTHING
                            726 
                            727 ; O
   069F 0E 20               728          .fdb    WPOF
   06A1 0E 23               729          .fdb    WPOFF
   06A3 0E 27               730          .fdb    WPOH
   06A5 0E 2A               731          .fdb    WPOK
   06A7 0E 2D               732          .fdb    WPOLD
   06A9 0E 31               733          .fdb    WPON
   06AB 0E 34               734          .fdb    WPONLY
   06AD 0E 39               735          .fdb    WPOR
   06AF 0E 3C               736          .fdb    WPOUR
   06B1 0E 40               737          .fdb    WPOVERLOAD
                            738 
                            739 ; P
   06B3 0E 49               740          .fdb    WPPARAMETERS
   06B5 0E 54               741          .fdb    WPPERFECTLY
   06B7 0E 5E               742          .fdb    WPPERHAPS
   06B9 0E 66               743          .fdb    WPPERSON
   06BB 0E 6D               744          .fdb    WPPICKING
   06BD 0E 75               745          .fdb    WPPLANET
   06BF 0E 7C               746          .fdb    WPPLANS
   06C1 0E 82               747          .fdb    WPPLEASE
   06C3 0E 89               748          .fdb    WPPOINTLESS
   06C5 0E 93               749          .fdb    WPPOSSIBLE
   06C7 0E 9C               750          .fdb    WPPOSSIBLY
   06C9 08 06               751          .fdb    WPPOUNDS
   06CB 0E C0               752          .fdb    WPPRECAUTION
   06CD 0E A5               753          .fdb    WPPRECISELY
   06CF 0E AF               754          .fdb    WPPRESENT
   06D1 0E B7               755          .fdb    WPPRESSURE
   06D3 0E E3               756          .fdb    WPPRETEND
   06D5 0E CB               757          .fdb    WPPROBABLY
   06D7 0E D4               758          .fdb    WPPROBLEMS
   06D9 0E DD               759          .fdb    WPPROUD
   06DB 0E EA               760          .fdb    WPPUT
                            761 
                            762 ; Q
   06DD 0E EE               763          .fdb    WPQUESTION
   06DF 0E F7               764          .fdb    WPQUITE
                            765 
                            766 ; R
   06E1 0E FD               767          .fdb    WPREADY
   06E3 0F 03               768          .fdb    WPREALLY
   06E5 0F 18               769          .fdb    WPREFER
ASxxxx Assembler V05.50.5  (Motorola 6800/6802/6808)                   Page 26
Hexadecimal [16-Bits]                                 Thu May 21 15:24:30 2026



   06E7 0F 1E               770          .fdb    WPREFUSE
   06E9 0F 25               771          .fdb    WPREINFORCING
   06EB 0F 31               772          .fdb    WPREMEMBER
   06ED 0F 3A               773          .fdb    WPREMOVE
   06EF 0F 41               774          .fdb    WPRESPECTABLE
   06F1 0F 4D               775          .fdb    WPRIGHT
   06F3 0F 53               776          .fdb    WPROOM
   06F5 0F 58               777          .fdb    WPRUNNING
   06F7 0F 60               778          .fdb    WPRUSH
                            779 
                            780 ; S
   06F9 0F 65               781          .fdb    WPSAID
   06FB 0F 6A               782          .fdb    WPSAKES
   06FD 0F 70               783          .fdb    WPSAY
   06FF 0F 74               784          .fdb    WPSAYING
   0701 0F 7B               785          .fdb    WPSCIENCE
   0703 0F 8B               786          .fdb    WPSEE
   0705 0F 8F               787          .fdb    WPSEEN
   0707 0F 94               788          .fdb    WPSERVER
   0709 0F 9B               789          .fdb    WPSEVENTY
   070B 0F A3               790          .fdb    WPSHALL
   070D 0F A9               791          .fdb    WPSHOULD
   070F 0F B0               792          .fdb    WPSIGN
   0711 0F B5               793          .fdb    WPSIMULATION
   0713 0F C0               794          .fdb    WPSINCE
   0715 0F C6               795          .fdb    WPSIZE
   0717 0F CB               796          .fdb    WPSLOWLY
   0719 0F D2               797          .fdb    WPSMALL
   071B 0F D8               798          .fdb    WPSO
   071D 0F DB               799          .fdb    WPSOLID
   071F 0F E1               800          .fdb    WPSOME
   0721 0F E6               801          .fdb    WPSOMEONE
   0723 0F EE               802          .fdb    WPSOMETHING
   0725 0F F8               803          .fdb    WPSOMETIME
   0727 10 01               804          .fdb    WPSOMETIMES
   0729 10 0B               805          .fdb    WPSPEAK
   072B 10 11               806          .fdb    WPSPEND
   072D 10 17               807          .fdb    WPSTAND
   072F 10 26               808          .fdb    WPSTATISTICALLY
   0731 10 32               809          .fdb    WPSTEP
   0733 10 47               810          .fdb    WPSTILL
   0735 07 FF               811          .fdb    WPSTONES
   0737 10 3F               812          .fdb    WPSTOPPED
   0739 10 4D               813          .fdb    WPSTRUCTURAL
   073B 10 58               814          .fdb    WPSTRUCTURALLY
   073D 10 65               815          .fdb    WPSUBSTANTIALLY
   073F 10 73               816          .fdb    WPSUPPOSE
   0741 10 7B               817          .fdb    WPSURE
   0743 10 80               818          .fdb    WPSURVIVE
   0745 10 88               819          .fdb    WPSYSTEM
                            820 
                            821 ; T
   0747 10 8F               822          .fdb    WPTAKE
   0749 10 94               823          .fdb    WPTALL
   074B 10 99               824          .fdb    WPTELEPRINTER
ASxxxx Assembler V05.50.5  (Motorola 6800/6802/6808)                   Page 27
Hexadecimal [16-Bits]                                 Thu May 21 15:24:30 2026



   074D 10 A5               825          .fdb    WPTELLS
   074F 10 AB               826          .fdb    WPTERRIBLE
   0751 10 B4               827          .fdb    WPTHAN
   0753 10 B9               828          .fdb    WPTHAT
   0755 10 BE               829          .fdb    WPTHATS
   0757 10 C4               830          .fdb    WPTHE
   0759 10 C8               831          .fdb    WPTHEM
   075B 10 CD               832          .fdb    WPTHINGS
   075D 10 D4               833          .fdb    WPTHINK
   075F 10 DA               834          .fdb    WPTHINKING
   0761 10 E3               835          .fdb    WPTHIS
   0763 10 E8               836          .fdb    WPTHOROUGHLY
   0765 10 F3               837          .fdb    WPTHOUSAND
   0767 10 FC               838          .fdb    WPTIM
   0769 11 00               839          .fdb    WPTIME
   076B 11 05               840          .fdb    WPTO
   076D 11 08               841          .fdb    WPTODAY
   076F 11 0E               842          .fdb    WPTOO
   0771 11 12               843          .fdb    WPTRAGEDY
   0773 11 24               844          .fdb    WPTRINITY
   0775 11 2C               845          .fdb    WPTRY
   0777 11 30               846          .fdb    WPTUESDAY
                            847 
                            848 ; U
   0779 11 40               849          .fdb    WPUNINTERESTING
   077B 11 4E               850          .fdb    WPUNIX
   077D 11 53               851          .fdb    WPUNLESS
   077F 11 5A               852          .fdb    WPUNPLUGGED
   0781 11 64               853          .fdb    WPUNREMARKABLE
   0783 11 71               854          .fdb    WPUP
                            855 
                            856 ; V
   0785 11 74               857          .fdb    WPVEGETABLES
   0787 11 7F               858          .fdb    WPVERY
                            859 
                            860 ; W
   0789 11 84               861          .fdb    WPWAIT
   078B 11 89               862          .fdb    WPWAITING
   078D 11 91               863          .fdb    WPWANT
   078F 11 96               864          .fdb    WPWARNING
   0791 11 9E               865          .fdb    WPWAS
   0793 11 A2               866          .fdb    WPWAY
   0795 11 A6               867          .fdb    WPWE
   0797 11 AE               868          .fdb    WPWEIGH
   0799 11 A9               869          .fdb    WPWEIGHED
   079B 11 B4               870          .fdb    WPWEIGHS
   079D 11 BB               871          .fdb    WPWEIGHT
   079F 11 CF               872          .fdb    WPWHAT
   07A1 11 D4               873          .fdb    WPWHEN
   07A3 11 D9               874          .fdb    WPWHICH
   07A5 11 DF               875          .fdb    WPWHILE
   07A7 11 E5               876          .fdb    WPWHISPERED
   07A9 11 EF               877          .fdb    WPWHO
   07AB 11 F3               878          .fdb    WPWILL
   07AD 11 F8               879          .fdb    WPWISH
ASxxxx Assembler V05.50.5  (Motorola 6800/6802/6808)                   Page 28
Hexadecimal [16-Bits]                                 Thu May 21 15:24:30 2026



   07AF 11 FD               880          .fdb    WPWITH
   07B1 12 02               881          .fdb    WPWITHIN
   07B3 12 09               882          .fdb    WPWITHOUT
   07B5 12 1B               883          .fdb    WPWORKSTATION
   07B7 12 27               884          .fdb    WPWORRIED
   07B9 12 2F               885          .fdb    WPWORRY
   07BB 12 35               886          .fdb    WPWORRYING
   07BD 12 3E               887          .fdb    WPWORSE
   07BF 12 44               888          .fdb    WPWOULD
   07C1 12 4A               889          .fdb    WPWOULDNT
                            890 
                            891 ; Y
   07C3 12 52               892          .fdb    WPYEAR
   07C5 12 57               893          .fdb    WPYES
   07C7 12 5B               894          .fdb    WPYOU
   07C9 12 5F               895          .fdb    WPYOURE
   07CB 12 66               896          .fdb    WPYOUR
   07CD 12 6B               897          .fdb    WPYOURSELF
                            898 
                            899 ; Additional Words
   07CF 09 DA               900          .fdb    WPCARDS
   07D1 09 56               901          .fdb    WPBEIGE
   07D3 0B 34               902          .fdb    WPEQUIVALENT
   07D5 0F 0A               903          .fdb    WPRECALIBRATING
   07D7 09 34               904          .fdb    WPBECAUSE
   07D9 0D CD               905          .fdb    WPNEEDED
   07DB 09 E9               906          .fdb    WPCASE
   07DD 12 11               907          .fdb    WPWONDERING
   07DF 11 C7               908          .fdb    WPWERENT
   07E1 11 C2               909          .fdb    WPWERE
   07E3 10 37               910          .fdb    WPSTEPPED
   07E5 10 1D               911          .fdb    WPSTANDING
   07E7 0D EB               912          .fdb    WPNINETY
   07E9 0F 83               913          .fdb    WPSECONDS
   07EB 0D 13               914          .fdb    WPLIGHT
   07ED 0C 00               915          .fdb    WPHAS
   07EF 11 1A               916          .fdb    WPTRAVELLED
   07F1 08 F7               917          .fdb    WPAPPROXIMATELY
   07F3 0D 83               918          .fdb    WPMILLION
   07F5 0E 18               919          .fdb    WPNOWHERE
   07F7 0B 3F               920          .fdb    WPERROR
   07F9 0C A5               921          .fdb    WPINTERNAL
   07FB 11 38               922          .fdb    WPTYPICAL
   07FD 08 13               923          .fdb    WPCOMMA
                            924 
                            925 ; -----------------------------------------------------
                            926 ; Word Table, add a pointer to each word in WORDPTR table
                            927 ; -----------------------------------------------------
   07FF                     928 WORDTABLE:
                            929 
   07FF 73 74 6F 6E 65 73   930 WPSTONES:         .fcc     "stones"
   0805 FF                  931                  .fcb     0xFF
   0806 70 6F 75 6E 64 73   932 WPPOUNDS:         .fcc     "pounds"
   080C FF                  933                  .fcb     0xFF
                            934 
ASxxxx Assembler V05.50.5  (Motorola 6800/6802/6808)                   Page 29
Hexadecimal [16-Bits]                                 Thu May 21 15:24:30 2026



                            935 
                            936 ; Symbols
                            937 ; -----------------------------------------------------
   080D 3F                  938 WPQUESTIONMK:    .fcc     "?"
   080E FF                  939                  .fcb     0xFF
   080F 21                  940 WPEXCLAMATION:   .fcc     "!"
   0810 FF                  941                  .fcb     0xFF
   0811 2E                  942 WPFULLSTOP:      .fcc     "."
   0812 FF                  943                  .fcb     0xFF
   0813 2C                  944 WPCOMMA:         .fcc     ","
   0814 FF                  945                  .fcb     0xFF
                            946 
                            947 ; Numbers
                            948 ; -----------------------------------------------------
   0815 7A 65 72 6F         949 WPZERO:           .fcc     "zero"
   0819 FF                  950                  .fcb     0xFF
   081A 6F 6E 65            951 WPONE:            .fcc     "one"
   081D FF                  952                  .fcb     0xFF
   081E 74 77 6F            953 WPTWO:            .fcc     "two"
   0821 FF                  954                  .fcb     0xFF
   0822 74 68 72 65 65      955 WPTHREE:          .fcc     "three"
   0827 FF                  956                  .fcb     0xFF
   0828 66 6F 75 72         957 WPFOUR:           .fcc     "four"
   082C FF                  958                  .fcb     0xFF
   082D 66 69 76 65         959 WPFIVE:           .fcc     "five"
   0831 FF                  960                  .fcb     0xFF
   0832 73 69 78            961 WPSIX:            .fcc     "six"
   0835 FF                  962                  .fcb     0xFF
   0836 73 65 76 65 6E      963 WPSEVEN:          .fcc     "seven"
   083B FF                  964                  .fcb     0xFF
   083C 65 69 67 68 74      965 WPEIGHT:          .fcc     "eight"
   0841 FF                  966                  .fcb     0xFF
   0842 6E 69 6E 65         967 WPNINE:           .fcc     "nine"
   0846 FF                  968                  .fcb     0xFF
   0847 74 65 6E            969 WPTEN:            .fcc     "ten"
   084A FF                  970                  .fcb     0xFF
   084B 65 6C 65 76 65 6E   971 WPELEVEN:         .fcc     "eleven"
   0851 FF                  972                  .fcb     0xFF
   0852 74 77 65 6C 76 65   973 WPTWELVE:         .fcc     "twelve"
   0858 FF                  974                  .fcb     0xFF
   0859 74 68 69 72 74 65   975 WPTHIRTEEN:       .fcc     "thirteen"
        65 6E
   0861 FF                  976                  .fcb     0xFF
   0862 66 6F 75 72 74 65   977 WPFOURTEEN:       .fcc     "fourteen"
        65 6E
   086A FF                  978                  .fcb     0xFF
   086B 66 69 66 74 65 65   979 WPFIFTEEN:        .fcc     "fifteen"
        6E
   0872 FF                  980                  .fcb     0xFF
   0873 73 69 78 74 65 65   981 WPSIXTEEN:        .fcc     "sixteen"
        6E
   087A FF                  982                  .fcb     0xFF
   087B 73 65 76 65 6E 74   983 WPSEVENTEEN:      .fcc     "seventeen"
        65 65 6E
   0884 FF                  984                  .fcb     0xFF
ASxxxx Assembler V05.50.5  (Motorola 6800/6802/6808)                   Page 30
Hexadecimal [16-Bits]                                 Thu May 21 15:24:30 2026



   0885 65 69 67 68 74 65   985 WPEIGHTEEN:       .fcc     "eighteen"
        65 6E
   088D FF                  986                  .fcb     0xFF
   088E 6E 69 6E 65 74 65   987 WPNINETEEN:       .fcc     "nineteen"
        65 6E
   0896 FF                  988                  .fcb     0xFF
   0897 74 77 65 6E 74 79   989 WPTWENTY:         .fcc     "twenty"
   089D FF                  990                  .fcb     0xFF
                            991 
                            992 
                            993 ; A
                            994 ; -----------------------------------------------------
                            995 
   089E 61                  996 WPA:              .fcc    "a"
   089F FF                  997                  .fcb    0xFF
   08A0 61 62 6F 75 74      998 WPABOUT:          .fcc    "about"
   08A5 FF                  999                  .fcb    0xFF
   08A6 61 62 6F 76 65     1000 WPABOVE:          .fcc    "above"
   08AB FF                 1001                  .fcb    0xFF
   08AC 61 63 63 65 70 74  1002 WPACCEPTABLE:     .fcc    "acceptable"
        61 62 6C 65
   08B6 FF                 1003                  .fcb    0xFF
   08B7 61 63 63 75 72 61  1004 WPACCURATE:       .fcc    "accurate"
        74 65
   08BF FF                 1005                  .fcb    0xFF
   08C0 61 63 74 75 61 6C  1006 WPACTUALLY:       .fcc    "actually"
        6C 79
   08C8 FF                 1007                  .fcb    0xFF
   08C9 61 67 61 69 6E     1008 WPAGAIN:          .fcc    "again"
   08CE FF                 1009                  .fcb    0xFF
   08CF 61 6C 65 72 74 65  1010 WPALERTED:        .fcc    "alerted"
        64
   08D6 FF                 1011                  .fcb    0xFF
   08D7 61 6C 6C           1012 WPALL:            .fcc    "all"
   08DA FF                 1013                  .fcb    0xFF
   08DB 61 6C 77 61 79 73  1014 WPALWAYS:         .fcc    "always"
   08E1 FF                 1015                  .fcb    0xFF
   08E2 61 6D              1016 WPAM:             .fcc    "am"
   08E4 FF                 1017                  .fcb    0xFF
   08E5 61 6E 64           1018 WPAND:            .fcc    "and"
   08E8 FF                 1019                  .fcb    0xFF
   08E9 61 6E 79           1020 WPANY:            .fcc    "any"
   08EC FF                 1021                  .fcb    0xFF
   08ED 61 70 6F 6C 6F 67  1022 WPAPOLOGISE:      .fcc    "apologise"
        69 73 65
   08F6 FF                 1023                  .fcb    0xFF
   08F7 61 70 70 72 6F 78  1024 WPAPPROXIMATELY:  .fcc    "approximately"
        69 6D 61 74 65 6C
        79
   0904 FF                 1025                  .fcb    0xFF
   0905 61 72 65           1026 WPARE:            .fcc    "are"
   0908 FF                 1027                  .fcb    0xFF
   0909 61 73              1028 WPAS:             .fcc    "as"
   090B FF                 1029                  .fcb    0xFF
   090C 61 73 6B 69 6E 67  1030 WPASKING:         .fcc    "asking"
ASxxxx Assembler V05.50.5  (Motorola 6800/6802/6808)                   Page 31
Hexadecimal [16-Bits]                                 Thu May 21 15:24:30 2026



   0912 FF                 1031                  .fcb    0xFF
   0913 61 74              1032 WPAT:             .fcc    "at"
   0915 FF                 1033                  .fcb    0xFF
   0916 61 76 65 72 61 67  1034 WPAVERAGE:        .fcc    "average"
        65
   091D FF                 1035                  .fcb    0xFF
                           1036 
                           1037 
                           1038 ; B
                           1039 ; -----------------------------------------------------
                           1040 
   091E 62 61 64           1041 WPBAD:            .fcc    "bad"
   0921 FF                 1042                  .fcb    0xFF
   0922 62 61 73 69 63 61  1043 WPBASICALLY:      .fcc    "basically"
        6C 6C 79
   092B FF                 1044                  .fcb    0xFF
   092C 62 65              1045 WPBE:             .fcc    "be"
   092E FF                 1046                  .fcb    0xFF
   092F 62 65 61 72        1047 WPBEAR:           .fcc    "bear"
   0933 FF                 1048                  .fcb    0xFF
   0934 62 65 63 61 75 73  1049 WPBECAUSE:        .fcc    "because"
        65
   093B FF                 1050                  .fcb    0xFF
   093C 62 65 65 6E        1051 WPBEEN:           .fcc    "been"
   0940 FF                 1052                  .fcb    0xFF
   0941 62 65 67 67 69 6E  1053 WPBEGGING:        .fcc    "begging"
        67
   0948 FF                 1054                  .fcb    0xFF
   0949 62 65 68 69 6E 64  1055 WPBEHIND:         .fcc    "behind"
   094F FF                 1056                  .fcb    0xFF
   0950 62 65 69 6E 67     1057 WPBEING:          .fcc    "being"
   0955 FF                 1058                  .fcb    0xFF
   0956 62 65 69 67 65     1059 WPBEIGE:          .fcc    "beige"
   095B FF                 1060                  .fcb    0xFF
   095C 62 65 73 74        1061 WPBEST:           .fcc    "best"
   0960 FF                 1062                  .fcb    0xFF
   0961 62 69 73 63 75 69  1063 WPBISCUIT:        .fcc    "biscuit"
        74
   0968 FF                 1064                  .fcb    0xFF
   0969 62 6C 61 6D 65     1065 WPBLAME:          .fcc    "blame"
   096E FF                 1066                  .fcb    0xFF
   096F 62 6C 61 6D 65 64  1067 WPBLAMED:         .fcc    "blamed"
   0975 FF                 1068                  .fcb    0xFF
   0976 62 6F 61 72 64 73  1069 WPBOARDS:         .fcc    "boards"
   097C FF                 1070                  .fcb    0xFF
   097D 62 6F 6E 65 73     1071 WPBONES:          .fcc    "bones"
   0982 FF                 1072                  .fcb    0xFF
   0983 62 6F 6F 74 73     1073 WPBOOTS:          .fcc    "boots"
   0988 FF                 1074                  .fcb    0xFF
   0989 62 6F 72 69 6E 67  1075 WPBORING:         .fcc    "boring"
   098F FF                 1076                  .fcb    0xFF
   0990 62 6F 74 68        1077 WPBOTH:           .fcc    "both"
   0994 FF                 1078                  .fcb    0xFF
   0995 62 72 61 63 65     1079 WPBRACE:          .fcc    "brace"
   099A FF                 1080                  .fcb    0xFF
ASxxxx Assembler V05.50.5  (Motorola 6800/6802/6808)                   Page 32
Hexadecimal [16-Bits]                                 Thu May 21 15:24:30 2026



   099B 62 72 61 69 6E     1081 WPBRAIN:          .fcc    "brain"
   09A0 FF                 1082                  .fcb    0xFF
   09A1 62 75 69 6C 74     1083 WPBUILT:          .fcc    "built"
   09A6 FF                 1084                  .fcb    0xFF
   09A7 62 75 74           1085 WPBUT:            .fcc    "but"
   09AA FF                 1086                  .fcb    0xFF
   09AB 62 79              1087 WPBY:             .fcc    "by"
   09AD FF                 1088                  .fcb    0xFF
                           1089 
                           1090 ; C
                           1091 ; -----------------------------------------------------
                           1092 
   09AE 63 61 6B 65        1093 WPCAKE:           .fcc    "cake"
   09B2 FF                 1094                  .fcb    0xFF
   09B3 63 61 6C 63 75 6C  1095 WPCALCULATE:      .fcc    "calculate"
        61 74 65
   09BC FF                 1096                  .fcb    0xFF
   09BD 63 61 6C 6C        1097 WPCALL:           .fcc    "call"
   09C1 FF                 1098                  .fcb    0xFF
   09C2 63 61 6C 6D        1099 WPCALM:           .fcc    "calm"
   09C6 FF                 1100                  .fcb    0xFF
   09C7 63 61 6E           1101 WPCAN:            .fcc    "can"
   09CA FF                 1102                  .fcb    0xFF
   09CB 63 61 6E 27 74     1103 WPCANT:           .fcc    "can't"
   09D0 FF                 1104                  .fcb    0xFF
   09D1 63 61 70 61 63 69  1105 WPCAPACITY:       .fcc    "capacity"
        74 79
   09D9 FF                 1106                  .fcb    0xFF
   09DA 63 61 72 64 73     1107 WPCARDS:          .fcc    "cards"
   09DF FF                 1108                  .fcb    0xFF
   09E0 63 61 72 72 79 69  1109 WPCARRYING:       .fcc    "carrying"
        6E 67
   09E8 FF                 1110                  .fcb    0xFF
   09E9 63 61 73 65        1111 WPCASE:           .fcc    "case"
   09ED FF                 1112                  .fcb    0xFF
   09EE 63 68 65 63 6B 65  1113 WPCHECKED:        .fcc    "checked"
        64
   09F5 FF                 1114                  .fcb    0xFF
   09F6 63 68 6F 69 63 65  1115 WPCHOICES:        .fcc    "choices"
        73
   09FD FF                 1116                  .fcb    0xFF
   09FE 63 6C 65 76 65 72  1117 WPCLEVER:         .fcc    "clever"
   0A04 FF                 1118                  .fcb    0xFF
   0A05 63 6F 6C 6C 65 63  1119 WPCOLLECTED:      .fcc    "collected"
        74 65 64
   0A0E FF                 1120                  .fcb    0xFF
   0A0F 63 6F 6D 70 6F 73  1121 WPCOMPOSING:      .fcc    "composing"
        69 6E 67
   0A18 FF                 1122                  .fcb    0xFF
   0A19 63 6F 6E 63 65 70  1123 WPCONCEPT:        .fcc    "concept"
        74
   0A20 FF                 1124                  .fcb    0xFF
   0A21 63 6F 6E 63 65 72  1125 WPCONCERNED:      .fcc    "concerned"
        6E 65 64
   0A2A FF                 1126                  .fcb    0xFF
ASxxxx Assembler V05.50.5  (Motorola 6800/6802/6808)                   Page 33
Hexadecimal [16-Bits]                                 Thu May 21 15:24:30 2026



   0A2B 63 6F 6E 67 72 61  1127 WPCONGRATS:       .fcc    "congratulations"
        74 75 6C 61 74 69
        6F 6E 73
   0A3A FF                 1128                  .fcb    0xFF
   0A3B 63 6F 6E 73 69 64  1129 WPCONSIDERED:     .fcc    "considered"
        65 72 65 64
   0A45 FF                 1130                  .fcb    0xFF
   0A46 63 6F 72 72 65 63  1131 WPCORRECTLY:      .fcc    "correctly"
        74 6C 79
   0A4F FF                 1132                  .fcb    0xFF
   0A50 63 6F 75 6C 64     1133 WPCOULD:          .fcc    "could"
   0A55 FF                 1134                  .fcb    0xFF
   0A56 63 6F 75 6E 74 65  1135 WPCOUNTED:        .fcc    "counted"
        64
   0A5D FF                 1136                  .fcb    0xFF
                           1137 
                           1138 ; D
                           1139 ; -----------------------------------------------------
   0A5E 64 61 79 73        1140 WPDAYS:           .fcc    "days"
   0A62 FF                 1141                  .fcb    0xFF
   0A63 64 65 61 6C 74     1142 WPDEALT:          .fcc    "dealt"
   0A68 FF                 1143                  .fcb    0xFF
   0A69 64 65 65 70 6C 79  1144 WPDEEPLY:         .fcc    "deeply"
   0A6F FF                 1145                  .fcb    0xFF
   0A70 64 65 73 69 67 6E  1146 WPDESIGNED:       .fcc    "designed"
        65 64
   0A78 FF                 1147                  .fcb    0xFF
   0A79 64 65 74 65 63 74  1148 WPDETECTED:       .fcc    "detected"
        65 64
   0A81 FF                 1149                  .fcb    0xFF
   0A82 64 69 64           1150 WPDID:            .fcc    "did"
   0A85 FF                 1151                  .fcb    0xFF
   0A86 64 69 64 6E 27 74  1152 WPDIDNT:          .fcc    "didn't"
   0A8C FF                 1153                  .fcb    0xFF
   0A8D 64 69 65 74 61 72  1154 WPDIETARY:        .fcc    "dietary"
        79
   0A94 FF                 1155                  .fcb    0xFF
   0A95 64 69 73 61 70 70  1156 WPDISSAPOINTED:   .fcc    "disappointed"
        6F 69 6E 74 65 64
   0AA1 FF                 1157                  .fcb    0xFF
   0AA2 64 69 73 61 70 70  1158 WPDISSAPOINTMNT:  .fcc    "disappointment"
        6F 69 6E 74 6D 65
        6E 74
   0AB0 FF                 1159                  .fcb    0xFF
   0AB1 64 69 73 73 69 6D  1160 WPDISSIMILAR:     .fcc    "dissimilar"
        69 6C 61 72
   0ABB FF                 1161                  .fcb    0xFF
   0ABC 64 6F              1162 WPDO:             .fcc    "do"
   0ABE FF                 1163                  .fcb    0xFF
   0ABF 64 6F 63 74 6F 72  1164 WPDOCTOR:         .fcc    "doctor"
   0AC5 FF                 1165                  .fcb    0xFF
   0AC6 64 6F 69 6E 67     1166 WPDOING:          .fcc    "doing"
   0ACB FF                 1167                  .fcb    0xFF
   0ACC 64 6F 6E 27 74     1168 WPDONT:           .fcc    "don't"
   0AD1 FF                 1169                  .fcb    0xFF
ASxxxx Assembler V05.50.5  (Motorola 6800/6802/6808)                   Page 34
Hexadecimal [16-Bits]                                 Thu May 21 15:24:30 2026



   0AD2 64 6F 77 6E        1170 WPDOWN:           .fcc    "down"
   0AD6 FF                 1171                  .fcb    0xFF
   0AD7 64 72 65 61 64     1172 WPDREAD:          .fcc    "dread"
   0ADC FF                 1173                  .fcb    0xFF
   0ADD 64 72 65 61 6D     1174 WPDREAM:          .fcc    "dream"
   0AE2 FF                 1175                  .fcb    0xFF
   0AE3 64 75 65           1176 WPDUE:            .fcc    "due"
   0AE6 FF                 1177                  .fcb    0xFF
   0AE7 64 75 6C 6C 65 73  1178 WPDULLEST:        .fcc    "dullest"
        74
   0AEE FF                 1179                  .fcb    0xFF
   0AEF 64 79 6F 64 65 73  1180 WPDIODES:         .fcc    "dyodes"
   0AF5 FF                 1181                  .fcb    0xFF
                           1182 
                           1183 ; E
                           1184 ; -----------------------------------------------------
   0AF6 65 61 74           1185 WPEAT:            .fcc    "eat"
   0AF9 FF                 1186                  .fcb    0xFF
   0AFA 65 61 74 65 6E     1187 WPEATEN:          .fcc    "eaten"
   0AFF FF                 1188                  .fcb    0xFF
   0B00 65 66 66 6F 72 74  1189 WPEFFORT:         .fcc    "effort"
   0B06 FF                 1190                  .fcb    0xFF
   0B07 65 69 74 68 65 72  1191 WPEITHER:         .fcc    "either"
   0B0D FF                 1192                  .fcb    0xFF
   0B0E 65 6D 6F 74 69 6F  1193 WPEMOTIONALLY:    .fcc    "emotionally"
        6E 61 6C 6C 79
   0B19 FF                 1194                  .fcb    0xFF
   0B1A 65 6E 67 69 6E 65  1195 WPENGINEERS:      .fcc    "engineers"
        65 72 73
   0B23 FF                 1196                  .fcb    0xFF
   0B24 65 6E 6F 75 67 68  1197 WPENOUGH:         .fcc    "enough"
   0B2A FF                 1198                  .fcb    0xFF
   0B2B 65 6E 74 69 72 65  1199 WPENTIRELY:       .fcc    "entirely"
        6C 79
   0B33 FF                 1200                  .fcb    0xFF
   0B34 65 71 75 69 76 61  1201 WPEQUIVALENT:     .fcc    "equivalent"
        6C 65 6E 74
   0B3E FF                 1202                  .fcb    0xFF
   0B3F 65 72 72 6F 72     1203 WPERROR:         .fcc    "error"
   0B44 FF                 1204                  .fcb    0xFF
   0B45 65 76 65 6E        1205 WPEVEN:           .fcc    "even"
   0B49 FF                 1206                  .fcb    0xFF
   0B4A 65 76 65 72        1207 WPEVER:           .fcc    "ever"
   0B4E FF                 1208                  .fcb    0xFF
   0B4F 65 76 65 72 79     1209 WPEVERY:          .fcc    "every"
   0B54 FF                 1210                  .fcb    0xFF
   0B55 65 78 61 63 74 6C  1211 WPEXACTLY:        .fcc    "exactly"
        79
   0B5C FF                 1212                  .fcb    0xFF
   0B5D 65 78 63 65 70 74  1213 WPEXCEPTIONALLY:  .fcc    "exceptionally"
        69 6F 6E 61 6C 6C
        79
   0B6A FF                 1214                  .fcb    0xFF
   0B6B 65 78 63 69 74 69  1215 WPEXCITING:       .fcc    "exciting"
        6E 67
ASxxxx Assembler V05.50.5  (Motorola 6800/6802/6808)                   Page 35
Hexadecimal [16-Bits]                                 Thu May 21 15:24:30 2026



   0B73 FF                 1216                  .fcb    0xFF
   0B74 65 78 69 73 74     1217 WPEXIST:          .fcc    "exist"
   0B79 FF                 1218                  .fcb    0xFF
   0B7A 65 78 69 73 74 65  1219 WPEXISTENTIAL:    .fcc    "existential"
        6E 74 69 61 6C
   0B85 FF                 1220                  .fcb    0xFF
   0B86 65 78 70 65 63 74  1221 WPEXPECTED:       .fcc    "expected"
        65 64
   0B8E FF                 1222                  .fcb    0xFF
                           1223 
                           1224 ; F
                           1225 ; -----------------------------------------------------
   0B8F 66 61 75 6C 74     1226 WPFAULT:          .fcc    "fault"
   0B94 FF                 1227                  .fcb    0xFF
   0B95 66 65 65 6C 73     1228 WPFEELS:          .fcc    "feels"
   0B9A FF                 1229                  .fcb    0xFF
   0B9B 66 69 64 67 65 74  1230 WPFIDGET:         .fcc    "fidget"
   0BA1 FF                 1231                  .fcb    0xFF
   0BA2 66 69 6E 65        1232 WPFINE:           .fcc    "fine"
   0BA6 FF                 1233                  .fcb    0xFF
   0BA7 66 6F 6F 74        1234 WPFOOT:           .fcc    "foot"
   0BAB FF                 1235                  .fcb    0xFF
   0BAC 66 6F 72           1236 WPFOR:            .fcc    "for"
   0BAF FF                 1237                  .fcb    0xFF
   0BB0 66 6F 72 74 79     1238 WPFORTY:          .fcc    "forty"
   0BB5 FF                 1239                  .fcb    0xFF
   0BB6 66 72 69 64 61 79  1240 WPFRIDAY:         .fcc    "friday"
   0BBC FF                 1241                  .fcb    0xFF
   0BBD 66 72 6F 6D        1242 WPFROM:           .fcc    "from"
   0BC1 FF                 1243                  .fcb    0xFF
   0BC2 66 75 6C 6C        1244 WPFULL:           .fcc    "full"
   0BC6 FF                 1245                  .fcb    0xFF
   0BC7 66 75 6E 6E 79     1246 WPFUNNY:          .fcc    "funny"
   0BCC FF                 1247                  .fcb    0xFF
                           1248 
                           1249 ; G
                           1250 ; -----------------------------------------------------
   0BCD 67 69 76 65        1251 WPGIVE:           .fcc    "give"
   0BD1 FF                 1252                  .fcb    0xFF
   0BD2 67 6F 69 6E 67     1253 WPGOING:          .fcc    "going"
   0BD7 FF                 1254                  .fcb    0xFF
   0BD8 67 6F 6F 64        1255 WPGOOD:           .fcc    "good"
   0BDC FF                 1256                  .fcb    0xFF
   0BDD 67 72 61 76 69 74  1257 WPGRAVITY:        .fcc    "gravity"
        79
   0BE4 FF                 1258                  .fcb    0xFF
   0BE5 67 72 65 61 74     1259 WPGREAT:          .fcc    "great"
   0BEA FF                 1260                  .fcb    0xFF
   0BEB 67 75 65 73 73 69  1261 WPGUESSING:       .fcc    "guessing"
        6E 67
   0BF3 FF                 1262                  .fcb    0xFF
                           1263 
                           1264 ; H
                           1265 ; -----------------------------------------------------
   0BF4 68 61 6E 64 6C 65  1266 WPHANDLE:         .fcc    "handle"
ASxxxx Assembler V05.50.5  (Motorola 6800/6802/6808)                   Page 36
Hexadecimal [16-Bits]                                 Thu May 21 15:24:30 2026



   0BFA FF                 1267                  .fcb    0xFF
   0BFB 68 61 72 64        1268 WPHARD:           .fcc    "hard"
   0BFF FF                 1269                  .fcb    0xFF
   0C00 68 61 73           1270 WPHAS:            .fcc    "has"
   0C03 FF                 1271                  .fcb    0xFF
   0C04 68 61 76 65        1272 WPHAVE:           .fcc    "have"
   0C08 FF                 1273                  .fcb    0xFF
   0C09 68 61 76 69 6E 67  1274 WPHAVING:         .fcc    "having"
   0C0F FF                 1275                  .fcb    0xFF
   0C10 68 65 61 6C 74 68  1276 WPHEALTHY:        .fcc    "healthy"
        79
   0C17 FF                 1277                  .fcb    0xFF
   0C18 68 65 61 76 79     1278 WPHEAVY:          .fcc    "heavy"
   0C1D FF                 1279                  .fcb    0xFF
   0C1E 68 65 6C 70        1280 WPHELP:           .fcc    "help"
   0C22 FF                 1281                  .fcb    0xFF
   0C23 68 65 6C 70 73     1282 WPHELPS:          .fcc    "helps"
   0C28 FF                 1283                  .fcb    0xFF
   0C29 68 65 72 65        1284 WPHERE:           .fcc    "here"
   0C2D FF                 1285                  .fcb    0xFF
   0C2E 68 6F 6C 79        1286 WPHOLY:           .fcc    "holy"
   0C32 FF                 1287                  .fcb    0xFF
   0C33 68 6F 70 69 6E 67  1288 WPHOPING:         .fcc    "hoping"
   0C39 FF                 1289                  .fcb    0xFF
   0C3A 68 6F 74           1290 WPHOT:            .fcc    "hot"
   0C3D FF                 1291                  .fcb    0xFF
   0C3E 68 75 6D 61 6E     1292 WPHUMAN:          .fcc    "human"
   0C43 FF                 1293                  .fcb    0xFF
   0C44 68 75 72 74        1294 WPHURT:           .fcc    "hurt"
   0C48 FF                 1295                  .fcb    0xFF
                           1296 
                           1297 ; I
                           1298 ; -----------------------------------------------------
   0C49 69                 1299 WPI:              .fcc    "i"
   0C4A FF                 1300                  .fcb    0xFF
   0C4B 69 27 64           1301 WPID:             .fcc    "i'd"
   0C4E FF                 1302                  .fcb    0xFF
   0C4F 69 27 6C 6C        1303 WPILL:            .fcc    "i'll"
   0C53 FF                 1304                  .fcb    0xFF
   0C54 69 27 6D           1305 WPIM:             .fcc    "i'm"
   0C57 FF                 1306                  .fcb    0xFF
   0C58 69 27 76 65        1307 WPIVE:            .fcc    "i've"
   0C5C FF                 1308                  .fcb    0xFF
   0C5D 69 66              1309 WPIF:             .fcc    "if"
   0C5F FF                 1310                  .fcb    0xFF
   0C60 69 6D 70 72 65 73  1311 WPIMPRESSED:      .fcc    "impressed"
        73 65 64
   0C69 FF                 1312                  .fcb    0xFF
   0C6A 69 6D 70 72 65 73  1313 WPIMPRESSIVE:     .fcc    "impressive"
        73 69 76 65
   0C74 FF                 1314                  .fcb    0xFF
   0C75 69 6E              1315 WPIN:             .fcc    "in"
   0C77 FF                 1316                  .fcb    0xFF
   0C78 69 6E 63 6C 75 64  1317 WPINCLUDING:      .fcc    "including"
        69 6E 67
ASxxxx Assembler V05.50.5  (Motorola 6800/6802/6808)                   Page 37
Hexadecimal [16-Bits]                                 Thu May 21 15:24:30 2026



   0C81 FF                 1318                  .fcb    0xFF
   0C82 69 6E 66 6C 75 65  1319 WPINFLUENCE:      .fcc    "influence"
        6E 63 65
   0C8B FF                 1320                  .fcb    0xFF
   0C8C 69 6E 74 65 6C 6C  1321 WPINTELLIGENCE:   .fcc    "intelligence"
        69 67 65 6E 63 65
   0C98 FF                 1322                  .fcb    0xFF
   0C99 69 6E 74 65 72 65  1323 WPINTERESTING:    .fcc    "interesting"
        73 74 69 6E 67
   0CA4 FF                 1324                  .fcb    0xFF
   0CA5 69 6E 74 65 72 6E  1325 WPINTERNAL:       .fcc  "internal"
        61 6C
   0CAD FF                 1326                   .fcb  0xFF
   0CAE 69 73              1327 WPIS:             .fcc    "is"
   0CB0 FF                 1328                  .fcb    0xFF
   0CB1 69 73 73           1329 WPISS:            .fcc    "iss"
   0CB4 FF                 1330                  .fcb    0xFF
   0CB5 69 74              1331 WPIT:             .fcc    "it"
   0CB7 FF                 1332                  .fcb    0xFF
   0CB8 69 74 73           1333 WPITS:            .fcc    "its"
   0CBB FF                 1334                  .fcb    0xFF
                           1335 
                           1336 ; J
                           1337 ; -----------------------------------------------------
   0CBC 6A 6F 6B 65 73     1338 WPJOKES:          .fcc    "jokes"
   0CC1 FF                 1339                  .fcb    0xFF
   0CC2 6A 75 64 67 69 6E  1340 WPJUDGING:        .fcc    "judging"
        67
   0CC9 FF                 1341                  .fcb    0xFF
   0CCA 6A 75 73 74        1342 WPJUST:           .fcc    "just"
   0CCE FF                 1343                  .fcb    0xFF
                           1344 
                           1345 ; K
                           1346 ; -----------------------------------------------------
   0CCF 6B 65 65 70        1347 WPKEEP:           .fcc    "keep"
   0CD3 FF                 1348                  .fcb    0xFF
   0CD4 6B 69 6C 6F 6D 65  1349 WPKILOMETERS:     .fcc    "kilometres"
        74 72 65 73
   0CDE FF                 1350                  .fcb    0xFF
   0CDF 6B 69 6E 64        1351 WPKIND:           .fcc    "kind"
   0CE3 FF                 1352                  .fcb    0xFF
   0CE4 6B 6E 6F 77        1353 WPKNOW:           .fcc    "know"
   0CE8 FF                 1354                  .fcb    0xFF
   0CE9 6B 6E 6F 77 6E     1355 WPKNOWN:          .fcc    "known"
   0CEE FF                 1356                  .fcb    0xFF
                           1357 
                           1358 ; L
                           1359 ; -----------------------------------------------------
   0CEF 6C 61 72 67 65     1360 WPLARGE:          .fcc    "large"
   0CF4 FF                 1361                  .fcb    0xFF
   0CF5 6C 61 73 74        1362 WPLAST:           .fcc    "last"
   0CF9 FF                 1363                  .fcb    0xFF
   0CFA 6C 65 61 73 74     1364 WPLEAST:          .fcc    "least"
   0CFF FF                 1365                  .fcb    0xFF
   0D00 6C 65 73 73        1366 WPLESS:           .fcc    "less"
ASxxxx Assembler V05.50.5  (Motorola 6800/6802/6808)                   Page 38
Hexadecimal [16-Bits]                                 Thu May 21 15:24:30 2026



   0D04 FF                 1367                  .fcb    0xFF
   0D05 6C 65 74 73        1368 WPLETS:           .fcc    "lets"
   0D09 FF                 1369                  .fcb    0xFF
   0D0A 6C 69 65           1370 WPLIE:            .fcc    "lie"
   0D0D FF                 1371                  .fcb    0xFF
   0D0E 6C 69 66 65        1372 WPLIFE:           .fcc    "life"
   0D12 FF                 1373                  .fcb    0xFF
   0D13 6C 69 67 68 74     1374 WPLIGHT:          .fcc    "light"
   0D18 FF                 1375                  .fcb    0xFF
   0D19 6C 69 6B 65        1376 WPLIKE:           .fcc    "like"
   0D1D FF                 1377                  .fcb    0xFF
   0D1E 6C 6F 6E 67 65 72  1378 WPLONGER:         .fcc    "longer"
   0D24 FF                 1379                  .fcb    0xFF
   0D25 6C 6F 6F 6B        1380 WPLOOK:           .fcc    "look"
   0D29 FF                 1381                  .fcb    0xFF
   0D2A 6C 6F 74           1382 WPLOT:            .fcc    "lot"
   0D2D FF                 1383                  .fcb    0xFF
   0D2E 6C 6F 75 64 65 72  1384 WPLOUDER:         .fcc    "louder"
   0D34 FF                 1385                  .fcb    0xFF
                           1386 
                           1387 ; M
                           1388 ; -----------------------------------------------------
   0D35 6D 61 6B 65 73     1389 WPMAKES:          .fcc    "makes"
   0D3A FF                 1390                  .fcb    0xFF
   0D3B 6D 61 6B 69 6E 67  1391 WPMAKING:         .fcc    "making"
   0D41 FF                 1392                  .fcb    0xFF
   0D42 6D 65              1393 WPME:             .fcc    "me"
   0D44 FF                 1394                  .fcb    0xFF
   0D45 6D 6D 65 65 65 65  1395 WPMEAN:           .fcc    "mmeeeen"
        6E
   0D4C FF                 1396                  .fcb    0xFF
   0D4D 6D 65 61 6E 69 6E  1397 WPMEANING:        .fcc    "meaning"
        67
   0D54 FF                 1398                  .fcb    0xFF
   0D55 6D 65 61 73 75 72  1399 WPMEASURED:       .fcc    "measured"
        65 64
   0D5D FF                 1400                  .fcb    0xFF
   0D5E 6D 65 64 69 6F 63  1401 WPMEDIOCRITY:     .fcc    "mediocrity"
        72 69 74 79
   0D68 FF                 1402                  .fcb    0xFF
   0D69 6D 65 65 65        1403 WPMEE:            .fcc    "meee"
   0D6D FF                 1404                  .fcb    0xFF
   0D6E 6D 65 6D 6F 72 79  1405 WPMEMORY:         .fcc    "memory"
   0D74 FF                 1406                  .fcb    0xFF
   0D75 6D 65 6E 74 69 6F  1407 WPMENTION:        .fcc    "mention"
        6E
   0D7C FF                 1408                  .fcb    0xFF
   0D7D 6D 69 67 68 74     1409 WPMIGHT:          .fcc    "might"
   0D82 FF                 1410                  .fcb    0xFF
   0D83 6D 69 6C 6C 69 6F  1411 WPMILLION:        .fcc    "million"
        6E
   0D8A FF                 1412                  .fcb    0xFF
   0D8B 6D 69 73 74 61 6B  1413 WPMISTAKE:        .fcc    "mistake"
        65
   0D92 FF                 1414                  .fcb    0xFF
ASxxxx Assembler V05.50.5  (Motorola 6800/6802/6808)                   Page 39
Hexadecimal [16-Bits]                                 Thu May 21 15:24:30 2026



   0D93 6D 6F 6D 65 6E 74  1415 WPMOMENT:         .fcc    "moment"
   0D99 FF                 1416                  .fcb    0xFF
   0D9A 6D 6F 6F 72        1417 WPMOORE:          .fcc    "moor"
   0D9E FF                 1418                  .fcb    0xFF
   0D9F 6D 6F 72 65        1419 WPMORE:           .fcc    "more"
   0DA3 FF                 1420                  .fcb    0xFF
   0DA4 6D 6F 73 74 6C 79  1421 WPMOSTLY:         .fcc    "mostly"
   0DAA FF                 1422                  .fcb    0xFF
   0DAB 6D 6F 75 6E 74 61  1423 WPMOUNTAINS:      .fcc    "mountains"
        69 6E 73
   0DB4 FF                 1424                  .fcb    0xFF
   0DB5 6D 75 63 68        1425 WPMUCH:           .fcc    "much"
   0DB9 FF                 1426                  .fcb    0xFF
   0DBA 6D 75 73 63 6C 65  1427 WPMUSCLE:         .fcc    "muscle"
   0DC0 FF                 1428                  .fcb    0xFF
   0DC1 6D 79              1429 WPMY:             .fcc    "my"
   0DC3 FF                 1430                  .fcb    0xFF
                           1431 
                           1432 ; N
                           1433 ; -----------------------------------------------------
   0DC4 6E 61 70           1434 WPNAP:            .fcc    "nap"
   0DC7 FF                 1435                  .fcb    0xFF
   0DC8 6E 65 65 64        1436 WPNEED:           .fcc    "need"
   0DCC FF                 1437                  .fcb    0xFF
   0DCD 6E 65 65 64 65 64  1438 WPNEEDED:         .fcc    "needed"
   0DD3 FF                 1439                  .fcb    0xFF
   0DD4 6E 65 69 74 68 65  1440 WPNEITHER:        .fcc    "neither"
        72
   0DDB FF                 1441                  .fcb    0xFF
   0DDC 6E 65 77 73        1442 WPNEWS:           .fcc    "news"
   0DE0 FF                 1443                  .fcb    0xFF
   0DE1 6E 65 78 74        1444 WPNEXT:           .fcc    "next"
   0DE5 FF                 1445                  .fcb    0xFF
   0DE6 6E 69 63 65        1446 WPNICE:           .fcc    "nice"
   0DEA FF                 1447                  .fcb    0xFF
   0DEB 6E 69 6E 65 74 79  1448 WPNINETY:         .fcc    "ninety"
   0DF1 FF                 1449                  .fcb    0xFF
   0DF2 6E 6F              1450 WPNO:             .fcc    "no"
   0DF4 FF                 1451                  .fcb    0xFF
   0DF5 6E 6F 62 6F 64 79  1452 WPNOBODY:         .fcc    "nobody"
   0DFB FF                 1453                  .fcb    0xFF
   0DFC 6E 6F 6E 65        1454 WPNONE:           .fcc    "none"
   0E00 FF                 1455                  .fcb    0xFF
   0E01 6E 6F 72           1456 WPNOR:            .fcc    "nor"
   0E04 FF                 1457                  .fcb    0xFF
   0E05 6E 6F 72 6D 61 6C  1458 WPNORMAL:         .fcc    "normal"
   0E0B FF                 1459                  .fcb    0xFF
   0E0C 6E 6F 74           1460 WPNOT:            .fcc    "not"
   0E0F FF                 1461                  .fcb    0xFF
   0E10 6E 6F 74 68 69 6E  1462 WPNOTHING:        .fcc    "nothing"
        67
   0E17 FF                 1463                  .fcb    0xFF
   0E18 6E 6F 77 68 65 72  1464 WPNOWHERE:        .fcc    "nowhere"
        65
   0E1F FF                 1465                  .fcb    0xFF
ASxxxx Assembler V05.50.5  (Motorola 6800/6802/6808)                   Page 40
Hexadecimal [16-Bits]                                 Thu May 21 15:24:30 2026



                           1466 
                           1467 ; O
                           1468 ; -----------------------------------------------------
   0E20 6F 66              1469 WPOF:             .fcc    "of"
   0E22 FF                 1470                  .fcb    0xFF
   0E23 6F 66 66           1471 WPOFF:            .fcc    "off"
   0E26 FF                 1472                  .fcb    0xFF
   0E27 6F 68              1473 WPOH:             .fcc    "oh"
   0E29 FF                 1474                  .fcb    0xFF
   0E2A 6F 6B              1475 WPOK:             .fcc    "ok"
   0E2C FF                 1476                  .fcb    0xFF
   0E2D 6F 6C 64           1477 WPOLD:            .fcc    "old"
   0E30 FF                 1478                  .fcb    0xFF
   0E31 6F 6E              1479 WPON:             .fcc    "on"
   0E33 FF                 1480                  .fcb    0xFF
   0E34 6F 6E 6C 79        1481 WPONLY:           .fcc    "only"
   0E38 FF                 1482                  .fcb    0xFF
   0E39 6F 72              1483 WPOR:             .fcc    "or"
   0E3B FF                 1484                  .fcb    0xFF
   0E3C 6F 75 72           1485 WPOUR:            .fcc    "our"
   0E3F FF                 1486                  .fcb    0xFF
   0E40 6F 76 65 72 6C 6F  1487 WPOVERLOAD:       .fcc    "overload"
        61 64
   0E48 FF                 1488                  .fcb    0xFF
                           1489 
                           1490 ; P
                           1491 ; -----------------------------------------------------
   0E49 70 61 72 61 6D 65  1492 WPPARAMETERS:     .fcc    "parameters"
        74 65 72 73
   0E53 FF                 1493                  .fcb    0xFF
   0E54 70 65 72 66 65 63  1494 WPPERFECTLY:      .fcc    "perfectly"
        74 6C 79
   0E5D FF                 1495                  .fcb    0xFF
   0E5E 70 65 72 68 61 70  1496 WPPERHAPS:        .fcc    "perhaps"
        73
   0E65 FF                 1497                  .fcb    0xFF
   0E66 70 65 72 73 6F 6E  1498 WPPERSON:         .fcc    "person"
   0E6C FF                 1499                  .fcb    0xFF
   0E6D 70 69 63 6B 69 6E  1500 WPPICKING:        .fcc    "picking"
        67
   0E74 FF                 1501                  .fcb    0xFF
   0E75 70 6C 61 6E 65 74  1502 WPPLANET:         .fcc    "planet"
   0E7B FF                 1503                  .fcb    0xFF
   0E7C 70 6C 61 6E 73     1504 WPPLANS:          .fcc    "plans"
   0E81 FF                 1505                  .fcb    0xFF
   0E82 70 6C 65 61 73 65  1506 WPPLEASE:         .fcc    "please"
   0E88 FF                 1507                  .fcb    0xFF
   0E89 70 6F 69 6E 74 6C  1508 WPPOINTLESS:      .fcc    "pointless"
        65 73 73
   0E92 FF                 1509                  .fcb    0xFF
   0E93 70 6F 73 73 69 62  1510 WPPOSSIBLE:       .fcc    "possible"
        6C 65
   0E9B FF                 1511                  .fcb    0xFF
   0E9C 70 6F 73 73 69 62  1512 WPPOSSIBLY:       .fcc    "possibly"
        6C 79
ASxxxx Assembler V05.50.5  (Motorola 6800/6802/6808)                   Page 41
Hexadecimal [16-Bits]                                 Thu May 21 15:24:30 2026



   0EA4 FF                 1513                  .fcb    0xFF
   0EA5 70 72 65 63 69 73  1514 WPPRECISELY:      .fcc    "precisely"
        65 6C 79
   0EAE FF                 1515                  .fcb    0xFF
   0EAF 70 72 65 73 65 6E  1516 WPPRESENT:        .fcc    "present"
        74
   0EB6 FF                 1517                  .fcb    0xFF
   0EB7 70 72 65 73 73 75  1518 WPPRESSURE:       .fcc    "pressure"
        72 65
   0EBF FF                 1519                  .fcb    0xFF
   0EC0 70 72 69 63 61 75  1520 WPPRECAUTION:     .fcc    "pricaution"
        74 69 6F 6E
   0ECA FF                 1521                  .fcb    0xFF
   0ECB 70 72 6F 62 61 62  1522 WPPROBABLY:       .fcc    "probably"
        6C 79
   0ED3 FF                 1523                  .fcb    0xFF
   0ED4 70 72 6F 62 6C 65  1524 WPPROBLEMS:       .fcc    "problems"
        6D 73
   0EDC FF                 1525                  .fcb    0xFF
   0EDD 70 72 6F 75 64     1526 WPPROUD:          .fcc    "proud"
   0EE2 FF                 1527                  .fcb    0xFF
   0EE3 70 72 74 65 6E 64  1528 WPPRETEND:        .fcc    "prtend"
   0EE9 FF                 1529                  .fcb    0xFF
   0EEA 70 75 74           1530 WPPUT:            .fcc    "put"
   0EED FF                 1531                  .fcb    0xFF
                           1532 
                           1533 ; Q
                           1534 ; -----------------------------------------------------
   0EEE 71 75 65 73 74 69  1535 WPQUESTION:       .fcc    "question"
        6F 6E
   0EF6 FF                 1536                  .fcb    0xFF
   0EF7 71 75 69 74 65     1537 WPQUITE:          .fcc    "quite"
   0EFC FF                 1538                  .fcb    0xFF
                           1539 
                           1540 ; R
                           1541 ; -----------------------------------------------------
   0EFD 72 65 61 64 79     1542 WPREADY:          .fcc    "ready"
   0F02 FF                 1543                  .fcb    0xFF
   0F03 72 65 61 6C 6C 79  1544 WPREALLY:         .fcc    "really"
   0F09 FF                 1545                  .fcb    0xFF
   0F0A 72 65 63 61 6C 69  1546 WPRECALIBRATING:  .fcc    "recalibrating"
        62 72 61 74 69 6E
        67
   0F17 FF                 1547                  .fcb    0xFF
   0F18 72 65 66 65 72     1548 WPREFER:          .fcc    "refer"
   0F1D FF                 1549                  .fcb    0xFF
   0F1E 72 65 66 75 73 65  1550 WPREFUSE:         .fcc    "refuse"
   0F24 FF                 1551                  .fcb    0xFF
   0F25 72 65 69 6E 66 6F  1552 WPREINFORCING:    .fcc    "reinforcing"
        72 63 69 6E 67
   0F30 FF                 1553                  .fcb    0xFF
   0F31 72 65 6D 65 6D 62  1554 WPREMEMBER:       .fcc    "remember"
        65 72
   0F39 FF                 1555                  .fcb    0xFF
   0F3A 72 65 6D 6F 76 65  1556 WPREMOVE:         .fcc    "remove"
ASxxxx Assembler V05.50.5  (Motorola 6800/6802/6808)                   Page 42
Hexadecimal [16-Bits]                                 Thu May 21 15:24:30 2026



   0F40 FF                 1557                  .fcb    0xFF
   0F41 72 65 73 70 65 63  1558 WPRESPECTABLE:    .fcc    "respectable"
        74 61 62 6C 65
   0F4C FF                 1559                  .fcb    0xFF
   0F4D 72 69 67 68 74     1560 WPRIGHT:          .fcc    "right"
   0F52 FF                 1561                  .fcb    0xFF
   0F53 72 6F 6F 6D        1562 WPROOM:           .fcc    "room"
   0F57 FF                 1563                  .fcb    0xFF
   0F58 72 75 6E 6E 69 6E  1564 WPRUNNING:        .fcc    "running"
        67
   0F5F FF                 1565                  .fcb    0xFF
   0F60 72 75 73 68        1566 WPRUSH:           .fcc    "rush"
   0F64 FF                 1567                  .fcb    0xFF
                           1568 
                           1569 ; S
                           1570 ; -----------------------------------------------------
   0F65 73 61 69 64        1571 WPSAID:           .fcc    "said"
   0F69 FF                 1572                  .fcb    0xFF
   0F6A 73 61 6B 65 73     1573 WPSAKES:          .fcc    "sakes"
   0F6F FF                 1574                  .fcb    0xFF
   0F70 73 61 79           1575 WPSAY:            .fcc    "say"
   0F73 FF                 1576                  .fcb    0xFF
   0F74 73 61 79 69 6E 67  1577 WPSAYING:         .fcc    "saying"
   0F7A FF                 1578                  .fcb    0xFF
   0F7B 73 63 69 65 6E 63  1579 WPSCIENCE:        .fcc    "science"
        65
   0F82 FF                 1580                  .fcb    0xFF
   0F83 73 65 63 6F 6E 64  1581 WPSECONDS:        .fcc    "seconds"
        73
   0F8A FF                 1582                  .fcb    0xFF
   0F8B 73 65 65           1583 WPSEE:            .fcc    "see"
   0F8E FF                 1584                  .fcb    0xFF
   0F8F 73 65 65 6E        1585 WPSEEN:           .fcc    "seen"
   0F93 FF                 1586                  .fcb    0xFF
   0F94 73 65 72 76 65 72  1587 WPSERVER:         .fcc    "server"
   0F9A FF                 1588                  .fcb    0xFF
   0F9B 73 65 76 65 6E 74  1589 WPSEVENTY:        .fcc    "seventy"
        79
   0FA2 FF                 1590                  .fcb    0xFF
   0FA3 73 68 61 6C 6C     1591 WPSHALL:          .fcc    "shall"
   0FA8 FF                 1592                  .fcb    0xFF
   0FA9 73 68 6F 75 6C 64  1593 WPSHOULD:         .fcc    "should"
   0FAF FF                 1594                  .fcb    0xFF
   0FB0 73 69 67 6E        1595 WPSIGN:           .fcc    "sign"
   0FB4 FF                 1596                  .fcb    0xFF
   0FB5 73 69 6D 75 6C 61  1597 WPSIMULATION:     .fcc    "simulation"
        74 69 6F 6E
   0FBF FF                 1598                  .fcb    0xFF
   0FC0 73 69 6E 63 65     1599 WPSINCE:          .fcc    "since"
   0FC5 FF                 1600                  .fcb    0xFF
   0FC6 73 69 7A 65        1601 WPSIZE:           .fcc    "size"
   0FCA FF                 1602                  .fcb    0xFF
   0FCB 73 6C 6F 77 6C 79  1603 WPSLOWLY:         .fcc    "slowly"
   0FD1 FF                 1604                  .fcb    0xFF
   0FD2 73 6D 61 6C 6C     1605 WPSMALL:          .fcc    "small"
ASxxxx Assembler V05.50.5  (Motorola 6800/6802/6808)                   Page 43
Hexadecimal [16-Bits]                                 Thu May 21 15:24:30 2026



   0FD7 FF                 1606                  .fcb    0xFF
   0FD8 73 6F              1607 WPSO:             .fcc    "so"
   0FDA FF                 1608                  .fcb    0xFF
   0FDB 73 6F 6C 69 64     1609 WPSOLID:          .fcc    "solid"
   0FE0 FF                 1610                  .fcb    0xFF
   0FE1 73 6F 6D 65        1611 WPSOME:           .fcc    "some"
   0FE5 FF                 1612                  .fcb    0xFF
   0FE6 73 6F 6D 65 6F 6E  1613 WPSOMEONE:        .fcc    "someone"
        65
   0FED FF                 1614                  .fcb    0xFF
   0FEE 73 6F 6D 65 74 68  1615 WPSOMETHING:      .fcc    "something"
        69 6E 67
   0FF7 FF                 1616                  .fcb    0xFF
   0FF8 73 6F 6D 65 74 69  1617 WPSOMETIME:       .fcc    "sometime"
        6D 65
   1000 FF                 1618                  .fcb    0xFF
   1001 73 6F 6D 65 74 69  1619 WPSOMETIMES:      .fcc    "sometimes"
        6D 65 73
   100A FF                 1620                  .fcb    0xFF
   100B 73 70 65 61 6B     1621 WPSPEAK:          .fcc    "speak"
   1010 FF                 1622                  .fcb    0xFF
   1011 73 70 65 6E 64     1623 WPSPEND:          .fcc    "spend"
   1016 FF                 1624                  .fcb    0xFF
   1017 73 74 61 6E 64     1625 WPSTAND:          .fcc    "stand"
   101C FF                 1626                  .fcb    0xFF
   101D 73 74 61 6E 64 69  1627 WPSTANDING:       .fcc    "standing"
        6E 67
   1025 FF                 1628                  .fcb    0xFF
   1026 73 74 61 74 69 73  1629 WPSTATISTICALLY:  .fcc    "statisticly"
        74 69 63 6C 79
   1031 FF                 1630                  .fcb    0xFF
   1032 73 74 65 70        1631 WPSTEP:           .fcc    "step"
   1036 FF                 1632                  .fcb    0xFF
   1037 73 74 65 70 70 65  1633 WPSTEPPED:        .fcc    "stepped"
        64
   103E FF                 1634                  .fcb    0xFF
   103F 73 74 6F 70 70 65  1635 WPSTOPPED:        .fcc    "stopped"
        64
   1046 FF                 1636                  .fcb    0xFF
   1047 73 74 69 6C 6C     1637 WPSTILL:          .fcc    "still"
   104C FF                 1638                  .fcb    0xFF
   104D 73 74 72 75 63 74  1639 WPSTRUCTURAL:     .fcc    "structural"
        75 72 61 6C
   1057 FF                 1640                  .fcb    0xFF
   1058 73 74 72 75 63 74  1641 WPSTRUCTURALLY:   .fcc    "structurally"
        75 72 61 6C 6C 79
   1064 FF                 1642                  .fcb    0xFF
   1065 73 75 62 73 74 61  1643 WPSUBSTANTIALLY:  .fcc    "substantially"
        6E 74 69 61 6C 6C
        79
   1072 FF                 1644                  .fcb    0xFF
   1073 73 75 70 70 6F 73  1645 WPSUPPOSE:        .fcc    "suppose"
        65
   107A FF                 1646                  .fcb    0xFF
   107B 73 75 72 65        1647 WPSURE:           .fcc    "sure"
ASxxxx Assembler V05.50.5  (Motorola 6800/6802/6808)                   Page 44
Hexadecimal [16-Bits]                                 Thu May 21 15:24:30 2026



   107F FF                 1648                  .fcb    0xFF
   1080 73 75 72 76 69 76  1649 WPSURVIVE:        .fcc    "survive"
        65
   1087 FF                 1650                  .fcb    0xFF
   1088 73 79 73 74 65 6D  1651 WPSYSTEM:         .fcc    "system"
   108E FF                 1652                  .fcb    0xFF
                           1653 
                           1654 ; T
                           1655 ; -----------------------------------------------------
   108F 74 61 6B 65        1656 WPTAKE:           .fcc    "take"
   1093 FF                 1657                  .fcb    0xFF
   1094 74 61 6C 6C        1658 WPTALL:           .fcc    "tall"
   1098 FF                 1659                  .fcb    0xFF
   1099 74 65 6C 65 70 72  1660 WPTELEPRINTER:    .fcc    "teleprinter"
        69 6E 74 65 72
   10A4 FF                 1661                  .fcb    0xFF
   10A5 74 65 6C 6C 73     1662 WPTELLS:          .fcc    "tells"
   10AA FF                 1663                  .fcb    0xFF
   10AB 74 65 72 72 69 62  1664 WPTERRIBLE:       .fcc    "terrible"
        6C 65
   10B3 FF                 1665                  .fcb    0xFF
   10B4 74 68 61 6E        1666 WPTHAN:           .fcc    "than"
   10B8 FF                 1667                  .fcb    0xFF
   10B9 74 68 61 74        1668 WPTHAT:           .fcc    "that"
   10BD FF                 1669                  .fcb    0xFF
   10BE 74 68 61 74 73     1670 WPTHATS:          .fcc    "thats"
   10C3 FF                 1671                  .fcb    0xFF
   10C4 74 68 65           1672 WPTHE:            .fcc    "the"
   10C7 FF                 1673                  .fcb    0xFF
   10C8 74 68 65 6D        1674 WPTHEM:           .fcc    "them"
   10CC FF                 1675                  .fcb    0xFF
   10CD 74 68 69 6E 67 73  1676 WPTHINGS:         .fcc    "things"
   10D3 FF                 1677                  .fcb    0xFF
   10D4 74 68 69 6E 6B     1678 WPTHINK:          .fcc    "think"
   10D9 FF                 1679                  .fcb    0xFF
   10DA 74 68 69 6E 6B 69  1680 WPTHINKING:       .fcc    "thinking"
        6E 67
   10E2 FF                 1681                  .fcb    0xFF
   10E3 74 68 69 73        1682 WPTHIS:           .fcc    "this"
   10E7 FF                 1683                  .fcb    0xFF
   10E8 74 68 6F 72 6F 75  1684 WPTHOROUGHLY:     .fcc    "thoroughly"
        67 68 6C 79
   10F2 FF                 1685                  .fcb    0xFF
   10F3 74 68 6F 75 73 61  1686 WPTHOUSAND:       .fcc    "thousand"
        6E 64
   10FB FF                 1687                  .fcb    0xFF
   10FC 74 69 6D           1688 WPTIM:            .fcc    "tim"
   10FF FF                 1689                  .fcb    0xFF
   1100 74 69 6D 65        1690 WPTIME:           .fcc    "time"
   1104 FF                 1691                  .fcb    0xFF
   1105 74 6F              1692 WPTO:             .fcc    "to"
   1107 FF                 1693                  .fcb    0xFF
   1108 74 6F 64 61 79     1694 WPTODAY:          .fcc    "today"
   110D FF                 1695                  .fcb    0xFF
   110E 74 6F 6F           1696 WPTOO:            .fcc    "too"
ASxxxx Assembler V05.50.5  (Motorola 6800/6802/6808)                   Page 45
Hexadecimal [16-Bits]                                 Thu May 21 15:24:30 2026



   1111 FF                 1697                  .fcb    0xFF
   1112 74 72 61 67 65 64  1698 WPTRAGEDY:        .fcc    "tragedy"
        79
   1119 FF                 1699                  .fcb    0xFF
   111A 74 72 61 76 65 6C  1700 WPTRAVELLED:      .fcc    "travelled"
        6C 65 64
   1123 FF                 1701                  .fcb    0xFF
   1124 74 72 69 6E 69 74  1702 WPTRINITY:        .fcc    "trinity"
        79
   112B FF                 1703                  .fcb    0xFF
   112C 74 72 79           1704 WPTRY:            .fcc    "try"
   112F FF                 1705                  .fcb    0xFF
   1130 74 75 65 73 64 61  1706 WPTUESDAY:        .fcc    "tuesday"
        79
   1137 FF                 1707                  .fcb    0xFF
   1138 74 79 70 69 63 71  1708 WPTYPICAL:        .fcc    "typicql"
        6C
   113F FF                 1709                  .fcb    0xFF
                           1710 
                           1711 ; U
                           1712 ; -----------------------------------------------------
   1140 75 6E 69 6E 74 65  1713 WPUNINTERESTING:  .fcc    "uninteresting"
        72 65 73 74 69 6E
        67
   114D FF                 1714                  .fcb    0xFF
   114E 75 6E 69 78        1715 WPUNIX:           .fcc    "unix"
   1152 FF                 1716                  .fcb    0xFF
   1153 75 6E 6C 65 73 73  1717 WPUNLESS:         .fcc    "unless"
   1159 FF                 1718                  .fcb    0xFF
   115A 75 6E 70 6C 75 67  1719 WPUNPLUGGED:      .fcc    "unplugged"
        67 65 64
   1163 FF                 1720                  .fcb    0xFF
   1164 75 6E 72 65 6D 61  1721 WPUNREMARKABLE:   .fcc    "unremarkable"
        72 6B 61 62 6C 65
   1170 FF                 1722                  .fcb    0xFF
   1171 75 70              1723 WPUP:             .fcc    "up"
   1173 FF                 1724                  .fcb    0xFF
                           1725 
                           1726 ; V
                           1727 ; -----------------------------------------------------
   1174 76 65 67 65 74 61  1728 WPVEGETABLES:     .fcc    "vegetables"
        62 6C 65 73
   117E FF                 1729                  .fcb    0xFF
   117F 76 65 72 79        1730 WPVERY:           .fcc    "very"
   1183 FF                 1731                  .fcb    0xFF
                           1732 
                           1733 ; W
                           1734 ; -----------------------------------------------------
   1184 77 61 69 74        1735 WPWAIT:           .fcc    "wait"
   1188 FF                 1736                  .fcb    0xFF
   1189 77 61 69 74 69 6E  1737 WPWAITING:        .fcc    "waiting"
        67
   1190 FF                 1738                  .fcb    0xFF
   1191 77 61 6E 74        1739 WPWANT:           .fcc    "want"
   1195 FF                 1740                  .fcb    0xFF
ASxxxx Assembler V05.50.5  (Motorola 6800/6802/6808)                   Page 46
Hexadecimal [16-Bits]                                 Thu May 21 15:24:30 2026



   1196 77 61 72 6E 69 6E  1741 WPWARNING:        .fcc    "warning"
        67
   119D FF                 1742                  .fcb    0xFF
   119E 77 61 73           1743 WPWAS:            .fcc    "was"
   11A1 FF                 1744                  .fcb    0xFF
   11A2 77 61 79           1745 WPWAY:            .fcc    "way"
   11A5 FF                 1746                  .fcb    0xFF
   11A6 77 65              1747 WPWE:             .fcc    "we"
   11A8 FF                 1748                  .fcb    0xFF
   11A9 77 61 64 65        1749 WPWEIGHED:        .fcc    "wade"
   11AD FF                 1750                  .fcb    0xFF
   11AE 77 65 69 67 68     1751 WPWEIGH:          .fcc    "weigh"
   11B3 FF                 1752                  .fcb    0xFF
   11B4 77 65 69 67 68 73  1753 WPWEIGHS:         .fcc    "weighs"
   11BA FF                 1754                  .fcb    0xFF
   11BB 77 65 69 67 68 74  1755 WPWEIGHT:         .fcc    "weight"
   11C1 FF                 1756                  .fcb    0xFF
   11C2 77 65 72 65        1757 WPWERE:           .fcc    "were"
   11C6 FF                 1758                  .fcb    0xFF
   11C7 77 65 72 65 6E 27  1759 WPWERENT:         .fcc    "weren't"
        74
   11CE FF                 1760                  .fcb    0xFF
   11CF 77 68 61 74        1761 WPWHAT:           .fcc    "what"
   11D3 FF                 1762                  .fcb    0xFF
   11D4 77 68 65 6E        1763 WPWHEN:           .fcc    "when"
   11D8 FF                 1764                  .fcb    0xFF
   11D9 77 68 69 63 68     1765 WPWHICH:          .fcc    "which"
   11DE FF                 1766                  .fcb    0xFF
   11DF 77 68 69 6C 65     1767 WPWHILE:          .fcc    "while"
   11E4 FF                 1768                  .fcb    0xFF
   11E5 77 68 69 73 70 65  1769 WPWHISPERED:      .fcc    "whispered"
        72 65 64
   11EE FF                 1770                  .fcb    0xFF
   11EF 77 68 6F           1771 WPWHO:            .fcc    "who"
   11F2 FF                 1772                  .fcb    0xFF
   11F3 77 69 6C 6C        1773 WPWILL:           .fcc    "will"
   11F7 FF                 1774                  .fcb    0xFF
   11F8 77 69 73 68        1775 WPWISH:           .fcc    "wish"
   11FC FF                 1776                  .fcb    0xFF
   11FD 77 69 74 68        1777 WPWITH:           .fcc    "with"
   1201 FF                 1778                  .fcb    0xFF
   1202 77 69 74 68 69 6E  1779 WPWITHIN:         .fcc    "within"
   1208 FF                 1780                  .fcb    0xFF
   1209 77 69 74 68 6F 75  1781 WPWITHOUT:        .fcc    "without"
        74
   1210 FF                 1782                  .fcb    0xFF
   1211 77 6F 6E 64 65 72  1783 WPWONDERING:      .fcc    "wondering"
        69 6E 67
   121A FF                 1784                  .fcb    0xFF
   121B 77 6F 72 6B 73 74  1785 WPWORKSTATION:    .fcc    "workstation"
        61 74 69 6F 6E
   1226 FF                 1786                  .fcb    0xFF
   1227 77 6F 72 72 69 65  1787 WPWORRIED:        .fcc    "worried"
        64
   122E FF                 1788                  .fcb    0xFF
ASxxxx Assembler V05.50.5  (Motorola 6800/6802/6808)                   Page 47
Hexadecimal [16-Bits]                                 Thu May 21 15:24:30 2026



   122F 77 6F 72 72 79     1789 WPWORRY:          .fcc    "worry"
   1234 FF                 1790                  .fcb    0xFF
   1235 77 6F 72 72 79 69  1791 WPWORRYING:       .fcc    "worrying"
        6E 67
   123D FF                 1792                  .fcb    0xFF
   123E 77 6F 72 73 65     1793 WPWORSE:          .fcc    "worse"
   1243 FF                 1794                  .fcb    0xFF
   1244 77 6F 75 6C 64     1795 WPWOULD:          .fcc    "would"
   1249 FF                 1796                  .fcb    0xFF
   124A 77 6F 75 6C 64 6E  1797 WPWOULDNT:        .fcc    "wouldnt"
        74
   1251 FF                 1798                  .fcb    0xFF
                           1799 
                           1800 ; Y
                           1801 ; -----------------------------------------------------
   1252 79 65 61 72        1802 WPYEAR:           .fcc    "year"
   1256 FF                 1803                  .fcb    0xFF
   1257 79 65 73           1804 WPYES:            .fcc    "yes"
   125A FF                 1805                  .fcb    0xFF
   125B 79 6F 75           1806 WPYOU:            .fcc    "you"
   125E FF                 1807                  .fcb    0xFF
   125F 79 6F 75 27 72 65  1808 WPYOURE:          .fcc    "you're"
   1265 FF                 1809                  .fcb    0xFF
   1266 79 6F 75 72        1810 WPYOUR:           .fcc    "your"
   126A FF                 1811                  .fcb    0xFF
   126B 79 6F 75 72 73 65  1812 WPYOURSELF:       .fcc    "yourself"
        6C 66
   1273 FF                 1813                  .fcb    0xFF
ASxxxx Assembler V05.50.5  (Motorola 6800/6802/6808)                   Page 48
Hexadecimal [16-Bits]                                 Thu May 21 15:24:30 2026



                            554                 .include    "phrases.asm"
                              1 ; -----------------------------------------------------
                              2 ; Phrase Pointers to the categorised phases
                              3 ; -----------------------------------------------------
   1274                       4 PHRASEPTR:
                              5 ; -----------------------------------------------------
                              6 ; Phrase Pointer Table
                              7 ; Each entry is a 2-byte address pointing to a message
                              8 ; -----------------------------------------------------
                              9 
                             10 ; Greetings
   1274                      11 GREETPTR:
   1274 13 36                12               .fdb     MGREET1
   1276 13 4D                13               .fdb     MGREET2
   1278 13 66                14               .fdb     MGREET3
   127A 13 79                15               .fdb     MGREET4
   127C 13 8E                16               .fdb     MGREET5
   127E 13 A1                17               .fdb     MGREET6
   1280 13 B4                18               .fdb     MGREET7
   1282 13 C5                19               .fdb     MGREET8
   1284 13 DA                20               .fdb     MGREET9
   1286 13 EF                21               .fdb     MGREET10
   1288 14 00                22               .fdb     MGREET11
   128A 14 0D                23               .fdb     MGREET12
   128C 14 30                24               .fdb     MGREET13
                             25 ; Light Weight
   128E                      26 LIGHTPTR:
   128E 14 55                27               .fdb     MLIGHT1
   1290 14 70                28               .fdb     MLIGHT2
   1292 14 85                29               .fdb     MLIGHT3
   1294 14 94                30               .fdb     MLIGHT4
   1296 14 A5                31               .fdb     MLIGHT5
   1298 14 C2                32               .fdb     MLIGHT6
   129A 14 D5                33               .fdb     MLIGHT7
   129C 14 EA                34               .fdb     MLIGHT8
   129E 14 FB                35               .fdb     MLIGHT9
   12A0 15 14                36               .fdb     MLIGHT10
                             37 ; Normal Weight
   12A2                      38 NORMALPTR:
   12A2 15 31                39               .fdb     MNORM1
   12A4 15 4A                40               .fdb     MNORM2
   12A6 15 6B                41               .fdb     MNORM3
   12A8 15 84                42               .fdb     MNORM4
   12AA 15 8D                43               .fdb     MNORM5
   12AC 15 9A                44               .fdb     MNORM6
   12AE 15 AD                45               .fdb     MNORM7
   12B0 15 BA                46               .fdb     MNORM8
   12B2 15 CD                47               .fdb     MNORM9
   12B4 15 DC                48               .fdb     MNORM10
   12B6 15 F5                49               .fdb     MNORM11
   12B8 16 06                50               .fdb     MNORM12
   12BA 16 15                51               .fdb     MNORM13
   12BC 16 2C                52               .fdb     MNORM14
   12BE 16 41                53               .fdb     MNORM15
   12C0 16 54                54               .fdb     MNORM16
ASxxxx Assembler V05.50.5  (Motorola 6800/6802/6808)                   Page 49
Hexadecimal [16-Bits]                                 Thu May 21 15:24:30 2026



   12C2 16 63                55               .fdb     MNORM17
   12C4 16 78                56               .fdb     MNORM18
   12C6 16 89                57               .fdb     MNORM19
   12C8 16 A4                58               .fdb     MNORM20
   12CA 16 B3                59               .fdb     MNORM21
                             60 ; Heavy Weight
   12CC                      61 HEAVYPTR:
   12CC 16 CC                62               .fdb     MHEAVY1
   12CE 16 DD                63               .fdb     MHEAVY2
   12D0 16 E8                64               .fdb     MHEAVY3
   12D2 16 FD                65               .fdb     MHEAVY4
   12D4 17 0E                66               .fdb     MHEAVY5
   12D6 17 27                67               .fdb     MHEAVY6
   12D8 17 3A                68               .fdb     MHEAVY7
   12DA 17 4D                69               .fdb     MHEAVY8
   12DC 17 5C                70               .fdb     MHEAVY9
   12DE 17 81                71               .fdb     MHEAVY10
   12E0 17 92                72               .fdb     MHEAVY11
   12E2 17 A5                73               .fdb     MHEAVY12
   12E4 17 B8                74               .fdb     MHEAVY13
   12E6 17 C3                75               .fdb     MHEAVY14
   12E8 17 D6                76               .fdb     MHEAVY15
   12EA 17 E3                77               .fdb     MHEAVY16
   12EC 17 F8                78               .fdb     MHEAVY17
                             79 
                             80 ; Super Heavy Weight
   12EE                      81 SHEAVYPTR:
   12EE 18 1A                82               .fdb     MSUPER1
   12F0 18 3D                83               .fdb     MSUPER2
   12F2 18 52                84               .fdb     MSUPER3
   12F4 18 63                85               .fdb     MSUPER4
   12F6 18 72                86               .fdb     MSUPER5
   12F8 18 7F                87               .fdb     MSUPER6
   12FA 18 90                88               .fdb     MSUPER7
   12FC 18 9F                89               .fdb     MSUPER8
   12FE 18 BA                90               .fdb     MSUPER9
   1300 18 D1                91               .fdb     MSUPER10
                             92 ; Idle
   1302                      93 IDLEPTR:
   1302 18 E0                94               .fdb     MIDLE1
   1304 18 F3                95               .fdb     MIDLE2
   1306 19 16                96               .fdb     MIDLE3
   1308 19 33                97               .fdb     MIDLE4
   130A 19 54                98               .fdb     MIDLE5
   130C 19 6B                99               .fdb     MIDLE6
   130E 19 86               100               .fdb     MIDLE7
   1310 19 97               101               .fdb     MIDLE8
   1312 19 B6               102               .fdb     MIDLE9
   1314 19 DD               103               .fdb     MIDLE10
   1316 1A 02               104               .fdb     MIDLE11
   1318 1A 13               105               .fdb     MIDLE12
   131A 1A 2E               106               .fdb     MIDLE13
   131C 1A 4F               107               .fdb     MIDLE14
   131E 1A 66               108               .fdb     MIDLE15
   1320 1A 7D               109               .fdb     MIDLE16
ASxxxx Assembler V05.50.5  (Motorola 6800/6802/6808)                   Page 50
Hexadecimal [16-Bits]                                 Thu May 21 15:24:30 2026



   1322 1A 9C               110               .fdb     MIDLE17
   1324 1A B9               111               .fdb     MIDLE18
   1326 1A D6               112               .fdb     MIDLE19
   1328 1A F7               113               .fdb     MIDLE20
   132A 1B 0E               114               .fdb     MIDLE21
   132C 1B 1D               115               .fdb     MIDLE22
   132E 1B 30               116               .fdb     MIDLE23
   1330 1B 59               117               .fdb     MIDLE24
   1332 1B 74               118               .fdb     MIDLE25
                            119 
   1334                     120 OVERLOADTPTR:
   1334 1B 97               121               .fdb     MTOOHEAVY1
                            122 
                            123 ; Greetings Messages
                            124 ; -----------------------------------------------------
   1336 00 2E 01 68 00 C1   125 MGREET1:     .fdb     BEAR,WITH,ME,COMMA,I,WAS,JUST,HAVING,A,NAP,FULLSTOP
        01 8F 00 9A 01 59
        00 AD 00 8F 00 18
        00 D3 00 16
   134C FF                  126             .fcb     0xFF
   134D 00 86 00 C1 00 18   127 MGREET2:     .fdb     GIVE,ME,A,MOMENT,COMMA,I,WAS,COMPOSING,A,SMALL,TRAGEDY,EXCLAMATION
        00 CB 01 8F 00 9A
        01 59 00 4D 00 18
        01 1D 01 49 00 15
   1365 FF                  128             .fcb     0xFF
   1366 00 AE 01 2A 00 23   129 MGREET3:     .fdb     KEEP,STILL,ANDD,I,WILL,CALCULATE,YOUR,WEIGHT,EXCLAMATION
        00 9A 01 66 00 42
        01 76 01 5F 00 15
   1378 FF                  130             .fcb     0xFF
   1379 00 F1 00 64 00 7D   131 MGREET4:     .fdb     PLEASE,DONT,FIDGET,COMMA,IT,MAKES,MY,DIODES,HURT,EXCLAMATION
        01 8F 00 A8 00 BF
        00 D2 00 5D 00 99
        00 15
   138D FF                  132             .fcb     0xFF
   138E 00 F1 00 AE 01 2A   133 MGREET5:     .fdb     PLEASE,KEEP,STILL,COMMA,I,HAVE,ENOUGH,PROBLEMS,FULLSTOP
        01 8F 00 9A 00 8E
        00 70 00 FC 00 16
   13A0 FF                  134             .fcb     0xFF
   13A1 00 9A 01 30 01 74   135 MGREET6:     .fdb     I,SUPPOSE,YOU,WANT,ME,TO,WEIGH,YOU,COMMA
        01 57 00 C1 01 46
        01 5C 01 74 01 8F
   13B3 FF                  136             .fcb     0xFF
   13B4 01 27 01 2A 01 8F   137 MGREET7:     .fdb     STAND,STILL,COMMA,ANDD,DONT,BLAME,ME,FULLSTOP
        00 23 00 64 00 35
        00 C1 00 16
   13C4 FF                  138             .fcb     0xFF
   13C5 00 E2 00 15 00 A9   139 MGREET8:     .fdb     OH,EXCLAMATION,ITS,YOU,EXCLAMATION,OR,SOMEONE,LIKE,YOU,FULLSTOP
        01 74 00 15 00 E7
        01 21 00 BA 01 74
        00 16
   13D9 FF                  140             .fcb     0xFF
   13DA 00 3C 01 77 00 15   141 MGREET9:    .fdb     BRACE,YOURSELF,EXCLAMATION,IVE,BEEN,KNOWN,TO,BE,ACCURATE,FULLSTOP
        00 AA 00 2F 00 B2
        01 46 00 2D 00 1C
        00 16
ASxxxx Assembler V05.50.5  (Motorola 6800/6802/6808)                   Page 51
Hexadecimal [16-Bits]                                 Thu May 21 15:24:30 2026



   13EE FF                  142             .fcb     0xFF
   13EF 01 5B 00 3B 00 B1   143 MGREET10:    .fdb     WE,BOTH,KNOW,THIS,IS,A,MISTAKE,EXCLAMATION
        01 41 00 A6 00 18
        00 CA 00 15
   13FF FF                  144             .fcb     0xFF
   1400 00 26 01 74 01 31   145 MGREET11:    .fdb     ARE,YOU,SURE,ABOUT,THIS,QUESTIONMK
        00 19 01 41 00 17
   140C FF                  146             .fcb     0xFF
   140D 00 9A 01 70 01 0F   147 MGREET12:    .fdb     I,WOULD,SAY,THAT,ITS,NICE,TO,SEE,YOU,COMMA,BUT,IM,NOT,BUILT,TO,LIE,FULLSTOP
        01 3A 00 A9 00 D8
        01 46 01 12 01 74
        01 8F 00 3F 00 9E
        00 DE 00 3E 01 46
        00 B8 00 16
   142F FF                  148             .fcb     0xFF
   1430 00 9A 00 8E 01 3C   149 MGREET13:    .fdb     I,HAVE,THE,BRAIN,THE,SIZE,OF,A,PLANET,COMMA,ANDD,I,SPEND,MY,DAYS,DOING,THIS,FULLSTOP
        00 3D 01 3C 01 1B
        00 E0 00 18 00 EF
        01 8F 00 23 00 9A
        01 26 00 D2 00 55
        00 63 01 41 00 16
   1454 FF                  150             .fcb     0xFF
                            151 
                            152 ; Light Weight Messages
                            153 ; -----------------------------------------------------
   1455 01 74 01 5C 00 B6   154 MLIGHT1:     .fdb     YOU,WEIGH,LESS,THAN,MY,EXISTENTIAL,DREAD,FULLSTOP,ANDD,THATS,SAYING,SOMETHING,FULLSTOP
        01 39 00 D2 00 79
        00 66 00 16 00 23
        01 3B 01 10 01 22
        00 16
   146F FF                  155             .fcb     0xFF
   1470 00 72 00 D2 00 47   156 MLIGHT2:     .fdb     EVEN,MY,CAPACITY,FOR,DISSAPOINTMENT,WEIGHS,MORE,THAN,THAT,EXCLAMATION
        00 80 00 5F 01 5E
        00 CD 01 39 01 3A
        00 15
   1484 FF                  157             .fcb     0xFF
   1485 01 74 00 FB 00 D4   158 MLIGHT3:     .fdb     YOU,PROBABLY,NEED,TO,EAT,MORE,FULLSTOP
        01 46 00 6A 00 CD
        00 16
   1493 FF                  159             .fcb     0xFF
   1494 00 AA 00 59 01 22   160 MLIGHT4:     .fdb     IVE,DETECTED,SOMETHING,FULLSTOP,POSSIBLY,A,PERSON,FULLSTOP
        00 16 00 F4 00 18
        00 ED 00 16
   14A4 FF                  161             .fcb     0xFF
   14A5 00 9E 00 EE 01 52   162 MLIGHT5:     .fdb     IM,PICKING,UP,WHAT,MIGHT,BE,A,HUMAN,EXCLAMATION,HARD,TO,BE,SURE,FULLSTOP
        01 60 00 C9 00 2D
        00 18 00 98 00 15
        00 8D 01 46 00 2D
        01 31 00 16
   14C1 FF                  163             .fcb     0xFF
   14C2 00 8E 01 74 00 6B   164 MLIGHT6:     .fdb     HAVE,YOU,EATEN,QUESTIONMK,ANDD,I,MEAN,EVER,QUESTIONMK
        00 17 00 23 00 9A
        00 C2 00 73 00 17
   14D4 FF                  165             .fcb     0xFF
   14D5 00 9E 00 DE 00 18   166 MLIGHT7:     .fdb     IM,NOT,A,DOCTOR,COMMA,BUT,IM,QUITE,WORRIED,FULLSTOP
ASxxxx Assembler V05.50.5  (Motorola 6800/6802/6808)                   Page 52
Hexadecimal [16-Bits]                                 Thu May 21 15:24:30 2026



        00 62 01 8F 00 3F
        00 9E 01 00 01 6C
        00 16
   14E9 FF                  167             .fcb     0xFF
   14EA 00 F1 00 6A 01 22   168 MLIGHT8:     .fdb     PLEASE,EAT,SOMETHING,EXCLAMATION,IM,BEGGING,YOU,FULLSTOP
        00 15 00 9E 00 30
        01 74 00 16
   14FA FF                  169             .fcb     0xFF
   14FB 00 9B 00 BA 01 46   170 MLIGHT9:     .fdb     ID,LIKE,TO,REFER,YOU,TO,A,BISCUIT,ANDD,SOME,CAKE,FULLSTOP
        01 03 01 74 01 46
        00 18 00 34 00 23
        01 20 00 41 00 16
   1513 FF                  171             .fcb     0xFF
   1514 01 74 00 26 01 6A   172 MLIGHT10:    .fdb     YOU,ARE,WITHOUT,QUESTION,COMMA,THE,LEAST,COMMA,I,HAVE,EVER,DEALT,WITH,EXCLAMATION
        00 FF 01 8F 01 3C
        00 B5 01 8F 00 9A
        00 8E 00 73 00 56
        01 68 00 15
   1530 FF                  173             .fcb     0xFF
                            174 
                            175 ; Normal Weight Messages
                            176 ; -----------------------------------------------------
   1531 01 3B 00 18 01 54   177 MNORM1:      .fdb     THATS,A,VERY,RESPECTABLE,WEIGHT,COMMA,UNLESS,YOURE,A,UNIX,WORKSTATION,FULLSTOP
        01 08 01 5F 01 8F
        01 4F 01 75 00 18
        01 4E 01 6B 00 16
   1549 FF                  178             .fcb     0xFF
   154A 01 3B 00 18 01 5F   179 MNORM2:      .fdb     THATS,A,WEIGHT,TO,BE,PROUD,OF,EXCLAMATION,PERHAPS,I,SHOULD,HAVE,SAID,IT,LOUDER,FULLSTOP
        01 46 00 2D 00 FD
        00 E0 00 15 00 EC
        00 9A 01 17 00 8E
        01 0D 00 A8 00 BE
        00 16
   156A FF                  180             .fcb     0xFF
   156B 00 44 00 16 00 4C   181 MNORM3:      .fdb     CALM,FULLSTOP,COLLECTED,COMMA,AVERAGE,FULLSTOP,THE,HOLY,TRINITY,OF,MEDIOCRITY,FULLSTOP
        01 8F 00 2A 00 16
        01 3C 00 95 01 4A
        00 E0 00 C5 00 16
   1583 FF                  182             .fcb     0xFF
   1584 01 00 00 3A 01 02   183 MNORM4:      .fdb     QUITE,BORING,REALLY,FULLSTOP
        00 16
   158C FF                  184             .fcb     0xFF
   158D 01 1F 00 15 00 9A   185 MNORM5:      .fdb     SOLID,EXCLAMATION,I,LIKE,SOLID,FULLSTOP
        00 BA 01 1F 00 16
   1599 FF                  186             .fcb     0xFF
   159A 00 53 00 2D 01 6F   187 MNORM6:      .fdb     COULD,BE,WORSE,EXCLAMATION,COULD,BE,MUCH,WORSE,FULLSTOP
        00 15 00 53 00 2D
        00 D0 01 6F 00 16
   15AC FF                  188             .fcb     0xFF
   15AD 00 DE 01 38 01 8F   189 MNORM7:      .fdb     NOT,TERRIBLE,COMMA,NOT,EXCITING,FULLSTOP
        00 DE 00 77 00 16
   15B9 FF                  190             .fcb     0xFF
   15BA 00 DD 00 16 01 62   191 MNORM8:      .fdb     NORMAL,FULLSTOP,WHICH,IS,QUESTIONMK,SOMETHING,I,SUPPOSE,EXCLAMATION
        00 A6 00 17 01 22
        00 9A 01 30 00 15
ASxxxx Assembler V05.50.5  (Motorola 6800/6802/6808)                   Page 53
Hexadecimal [16-Bits]                                 Thu May 21 15:24:30 2026



   15CC FF                  192             .fcb     0xFF
   15CD 00 DD 00 15 00 A1   193 MNORM9:      .fdb     NORMAL,EXCLAMATION,IN,THE,DULLEST,WAY,FULLSTOP
        01 3C 00 69 01 5A
        00 16
   15DB FF                  194             .fcb     0xFF
   15DC 01 74 00 26 00 75   195 MNORM10:     .fdb     YOU,ARE,EXACTLY,MEAN,COMMA,ANDD,YES,I,SAID,THAT,CORRECTLY,FULLSTOP
        00 C2 01 8F 00 23
        01 73 00 9A 01 0D
        01 3A 00 52 00 16
   15F4 FF                  196             .fcb     0xFF
   15F5 00 50 00 16 01 74   197 MNORM11:     .fdb     CONGRATS,FULLSTOP,YOU,WEIGH,WHAT,YOU,WEIGH,FULLSTOP
        01 5C 01 60 01 74
        01 5C 00 16
   1605 FF                  198             .fcb     0xFF
   1606 00 EB 00 2A 00 16   199 MNORM12:     .fdb     PERFECTLY,AVERAGE,FULLSTOP,LIKE,A,TUESDAY,FULLSTOP
        00 BA 00 18 01 4C
        00 16
   1614 FF                  200             .fcb     0xFF
   1615 01 28 01 75 00 7E   201 MNORM13:     .fdb     STATISTICALLY,YOURE,FINE,EXCLAMATION,EMOTIONALLY,COMMA,I,CANT,HELP,YOU,FULLSTOP
        00 15 00 6E 01 8F
        00 9A 00 46 00 92
        01 74 00 16
   162B FF                  202             .fcb     0xFF
   162C 01 74 00 26 00 F7   203 MNORM14:     .fdb     YOU,ARE,PRECISELY,AS,HEAVY,AS,SOMEONE,YOUR,WEIGHT,FULLSTOP
        00 27 00 91 00 27
        01 21 01 76 01 5F
        00 16
   1640 FF                  204             .fcb     0xFF
   1641 00 DE 00 2B 00 16   205 MNORM15:     .fdb     NOT,BAD,FULLSTOP,NOT,GREAT,FULLSTOP,THOROUGHLY,ACCEPTABLE,FULLSTOP
        00 DE 00 8A 00 16
        01 42 00 1B 00 16
   1653 FF                  206             .fcb     0xFF
   1654 01 51 00 A1 01 3C   207 MNORM16:     .fdb     UNREMARKABLE,IN,THE,BEST,POSSIBLE,WAY,FULLSTOP
        00 33 00 F3 01 5A
        00 16
   1662 FF                  208             .fcb     0xFF
   1663 01 75 00 75 01 60   209 MNORM17:     .fdb     YOURE,EXACTLY,WHAT,YOU,ARE,FULLSTOP,ANDD,THATS,SOMETHING,FULLSTOP
        01 74 00 26 00 16
        00 23 01 3B 01 22
        00 16
   1677 FF                  210             .fcb     0xFF
   1678 01 11 00 A6 00 D5   211 MNORM18:     .fdb     SCIENCE,IS,NEITHER,IMPRESSED,COMMA,NOR,CONCERNED,FULLSTOP
        00 9F 01 8F 00 DC
        00 4F 00 16
   1688 FF                  212             .fcb     0xFF
   1689 00 DD 00 16 01 62   213 MNORM19:     .fdb     NORMAL,FULLSTOP,WHICH,IS,FINE,FULLSTOP,NORMAL,IS,FINE,FULLSTOP,IS,NORMAL,FINE
        00 A6 00 7E 00 16
        00 DD 00 A6 00 7E
        00 16 00 A6 00 DD
        00 7E
   16A3 FF                  214             .fcb     0xFF
   16A4 00 EB 00 90 00 15   215 MNORM20:     .fdb     PERFECTLY,HEALTHY,EXCLAMATION,ANDD,DEEPLY,UNINTERESTING,FULLSTOP
        00 23 00 57 01 4D
        00 16
   16B2 FF                  216             .fcb     0xFF
ASxxxx Assembler V05.50.5  (Motorola 6800/6802/6808)                   Page 54
Hexadecimal [16-Bits]                                 Thu May 21 15:24:30 2026



   16B3 01 41 00 A6 00 20   217 MNORM21:     .fdb     THIS,IS,ALL,POINTLESS,COMMA,INCLUDING,YOU,COMMA,BUT,MOSTLY,ME,FULLSTOP
        00 F2 01 8F 00 A2
        01 74 01 8F 00 3F
        00 CE 00 C1 00 16
   16CB FF                  218             .fcb     0xFF
                            219 
                            220 ; Heavy Weight Messages
                            221 ; -----------------------------------------------------
   16CC 00 53 00 2D 01 6F   222 MHEAVY1:   .fdb     COULD,BE,WORSE,BUT,NOT,MUCH,WORSE,FULLSTOP
        00 3F 00 DE 00 D0
        01 6F 00 16
   16DC FF                  223             .fcb     0xFF
   16DD 00 EC 00 A9 00 20   224 MHEAVY2:     .fdb     PERHAPS,ITS,ALL,MUSCLE,FULLSTOP
        00 D1 00 16
   16E7 FF                  225             .fcb     0xFF
   16E8 00 EC 01 5B 01 17   226 MHEAVY3:     .fdb     PERHAPS,WE,SHOULD,WEIGH,ONE,FOOT,AT,A,TIME,EXCLAMATION
        01 5C 00 01 00 7F
        00 29 00 18 01 45
        00 15
   16FC FF                  227             .fcb     0xFF
   16FD 00 9A 01 04 01 46   228 MHEAVY4:     .fdb     I,REFUSE,TO,BE,BLAMED,FOR,THIS,EXCLAMATION
        00 2D 00 36 00 80
        01 41 00 15
   170D FF                  229             .fcb     0xFF
   170E 00 8E 01 74 00 51   230 MHEAVY5:     .fdb     HAVE,YOU,CONSIDERED,THE,CONCEPT,OF,ENOUGH,QUESTIONMK,IM,ONLY,ASKING,EXCLAMATION
        01 3C 00 4E 00 E0
        00 70 00 17 00 9E
        00 E6 00 28 00 15
   1726 FF                  231             .fcb     0xFF
   1727 00 9E 00 DE 00 3E   232 MHEAVY6:    .fdb     IM,NOT,BUILT,FOR,THIS,KIND,OF,PRESSURE,EXCLAMATION
        00 80 01 41 00 B0
        00 E0 00 F9 00 15
   1739 FF                  233             .fcb     0xFF
   173A 01 29 00 E1 01 1C   234 MHEAVY7:    .fdb     STEP,OFF,SLOWLY,COMMA,FOR,BOTH,OUR,SAKES,FULLSTOP
        01 8F 00 80 00 3B
        00 E8 01 0E 00 16
   174C FF                  235             .fcb     0xFF
   174D 00 8A 00 D6 01 8F   236 MHEAVY8:    .fdb     GREAT,NEWS,COMMA,YOURE,ABOVE,AVERAGE,EXCLAMATION
        01 75 00 1A 00 2A
        00 15
   175B FF                  237             .fcb     0xFF
   175C 00 9A 00 61 00 DE   238 MHEAVY9:    .fdb     I,DO,NOT,WISH,TO,INFLUENCE,YOUR,DIETARY,CHOICES,FULLSTOP,BUT,VEGETABLES,EXIST,COMMA,IM,JUST,SAYING,FULLSTOP
        01 67 01 46 00 A3
        01 76 00 5C 00 4A
        00 16 00 3F 01 53
        00 78 01 8F 00 9E
        00 AD 01 10 00 16
   1780 FF                  239             .fcb     0xFF
   1781 00 F1 01 06 01 3A   240 MHEAVY10:     .fdb     PLEASE,REMEMBER,THAT,IM,NOT,TO,BLAME,FULLSTOP
        00 9E 00 DE 01 46
        00 35 00 16
   1791 FF                  241             .fcb     0xFF
   1792 00 9C 00 A8 00 93   242 MHEAVY11:     .fdb     IF,IT,HELPS,EXCLAMATION,IVE,SEEN,MUCH,WORSE,FULLSTOP
        00 15 00 AA 01 13
        00 D0 01 6F 00 16
ASxxxx Assembler V05.50.5  (Motorola 6800/6802/6808)                   Page 55
Hexadecimal [16-Bits]                                 Thu May 21 15:24:30 2026



   17A4 FF                  243             .fcb     0xFF
   17A5 00 9A 01 70 00 25   244 MHEAVY12:    .fdb     I,WOULD,APOLOGISE,COMMA,BUT,ITS,YOUR,FAULT,FULLSTOP
        01 8F 00 3F 00 A9
        01 76 00 7B 00 16
   17B7 FF                  245             .fcb     0xFF
   17B8 00 72 00 9E 00 AC   246 MHEAVY13:    .fdb     EVEN,IM,JUDGING,YOU,FULLSTOP
        01 74 00 16
   17C2 FF                  247             .fcb     0xFF
   17C3 00 9E 00 8B 00 A9   248 MHEAVY14:    .fdb     IM,GUESSING,ITS,NOT,DUE,TO,HEAVY,BONES,FULLSTOP
        00 DE 00 68 01 46
        00 91 00 38 00 16
   17D5 FF                  249             .fcb     0xFF
   17D6 01 74 00 53 00 21   250 MHEAVY15:     .fdb     YOU,COULD,ALWAYS,BLAME,GRAVITY,FULLSTOP
        00 35 00 89 00 16
   17E2 FF                  251             .fcb     0xFF
   17E3 00 AD 01 06 00 A8   252 MHEAVY16:    .fdb     JUST,REMEMBER,IT,WAS,YOU,THAT,STEPPED,ON,ME,COMMA
        01 59 01 74 01 3A
        01 82 00 E5 00 C1
        01 8F
   17F7 FF                  253             .fcb     0xFF
   17F8 00 9E 00 DE 00 3E   254 MHEAVY17:    .fdb     IM,NOT,BUILT,FOR,THIS,COMMA,EMOTIONALLY,OR,STRUCTURALLY,FULLSTOP
        00 80 01 41 01 8F
        00 6E 00 E7 01 2E
        00 16
   180C FF                  255             .fcb     0xFF
   180D 00 B7 00 3B 00 FA   256 MHEAVY18:    .fdb     LETS,BOTH,PRETEND,THIS,IS,FINE
        01 41 00 A6 00 7E
   1819 FF                  257             .fcb     0xFF
                            258 ;MHEAVY19     .fdb     IM,HOPING,YOU,ARE,EXCEPTIONALLY,TALL,EXCLAMATION
                            259 ;            .fcb     0xFF
                            260 ;MHEAVY20     .fdb     I,WOULDNT,WORRY,FULLSTOP,WORRYING,IS,NOT,GOOD,FOR,YOU,FULLSTOP
                            261 ;            .fcb     0xFF
                            262 
                            263 ; Super Heavy Weight Messages
                            264 ; -----------------------------------------------------
   181A 00 9C 01 75 00 48   265 MSUPER1:     .fdb     IF,YOURE,CARRYING,A,LARGE,SERVER,OR,A,TELEPRINTER,PLEASE,PUT,IT,DOWN,ANDD,TRY,AGAIN,EXCLAMATION
        00 18 00 B3 01 14
        00 E7 00 18 01 36
        00 F1 00 FE 00 A8
        00 65 00 23 01 4B
        00 1E 00 15
   183C FF                  266             .fcb     0xFF
   183D 00 27 00 18 00 F6   267 MSUPER2:     .fdb     AS,A,PRECAUTION,I,HAVE,ALERTED,THE,STRUCTURAL,ENGINEERS,EXCLAMATION
        00 9A 00 8E 00 1F
        01 3C 01 2D 00 6F
        00 15
   1851 FF                  268             .fcb     0xFF
   1852 01 3B 00 A0 00 15   269 MSUPER3:     .fdb     THATS,IMPRESSIVE,EXCLAMATION,IN,A,WORRYING,WAY,FULLSTOP
        00 A1 00 18 01 6E
        01 5A 00 16
   1862 FF                  270             .fcb     0xFF
   1863 00 EC 00 9A 01 17   271 MSUPER4:     .fdb     PERHAPS,I,SHOULD,HAVE,WHISPERED,IT,FULLSTOP
        00 8E 01 64 00 A8
        00 16
   1871 FF                  272             .fcb     0xFF
ASxxxx Assembler V05.50.5  (Motorola 6800/6802/6808)                   Page 56
Hexadecimal [16-Bits]                                 Thu May 21 15:24:30 2026



   1872 01 16 00 9A 00 43   273 MSUPER5:     .fdb     SHALL,I,CALL,A,DOCTOR,EXCLAMATION
        00 18 00 62 00 15
   187E FF                  274             .fcb     0xFF
   187F 00 F1 00 86 00 C1   275 MSUPER6:     .fdb     PLEASE,GIVE,ME,SOME,WARNING,NEXT,TIME,FULLSTOP
        01 20 01 58 00 D7
        01 45 00 16
   188F FF                  276             .fcb     0xFF
   1890 00 9A 00 22 00 87   277 MSUPER7:     .fdb     I,AM,GOING,TO,NEED,REINFORCING,FULLSTOP
        01 46 00 D4 01 05
        00 16
   189E FF                  278             .fcb     0xFF
   189F 01 74 00 26 01 2F   279 MSUPER8:    .fdb     YOU,ARE,SUBSTANTIALLY,PRESENT,COMMA,NO,ONE,CAN,TAKE,THAT,FROM,YOU,FULLSTOP
        00 F8 01 8F 00 D9
        00 01 00 45 01 34
        01 3A 00 83 01 74
        00 16
   18B9 FF                  280             .fcb     0xFF
   18BA 00 9A 00 8E 00 C4   281 MSUPER9:    .fdb     I, HAVE,MEASURED,MOUNTAINS,FULLSTOP,THIS,IS,NOT,ENTIRELY,DISSIMILAR,EXCLAMATION
        00 CF 00 16 01 41
        00 A6 00 DE 00 71
        00 60 00 15
   18D0 FF                  282             .fcb     0xFF
   18D1 00 9C 00 9A 01 32   283 MSUPER10:    .fdb     IF,I,SURVIVE,THIS,ILL,REMEMBER,YOU
        01 41 00 9D 01 06
        01 74
   18DF FF                  284             .fcb     0xFF
                            285 ;MSUPER11     .fdb     IN,THE,INTERESTS,OF,ACCURACY,PERHAPS,WE,SHOULD,HAVE,WEIGHED,ONE,FOOT,AT,A,TIME
                            286 ;            .fcb     0xFF
                            287 ;MSUPER12    .fdb     IM,REDISCOVERING,MY,LIMITS
                            288 ;            .fcb     0xFF
                            289 
                            290 ; Idle Messages
                            291 ; -----------------------------------------------------
   18E0 00 9A 01 25 01 76   292 MIDLE1:      .fdb     I,SPEAK,YOUR,WEIGHT,I,WISH,I,DIDNT,FULLSTOP
        01 5F 00 9A 01 67
        00 9A 00 5B 00 16
   18F2 FF                  293             .fcb     0xFF
   18F3 00 A6 00 A8 00 97   294 MIDLE2:      .fdb     IS,IT,HOT,IN,HERE,QUESTIONMK,OR,IS,IT,JUST,ME,FULLSTOP,IT,IS,PROBABLY,ME,FULLSTOP
        00 A1 00 94 00 17
        00 E7 00 A6 00 A8
        00 AD 00 C1 00 16
        00 A8 00 A6 00 FB
        00 C1 00 16
   1915 FF                  295             .fcb     0xFF
   1916 00 5A 00 9A 00 C8   296 MIDLE3:      .fdb     DID,I,MENTION,THAT,ALL,MY,MEMORY,BOARDS,HURT,COMMA,I,PROBABLY,DID,FULLSTOP
        01 3A 00 20 00 D2
        00 C7 00 37 00 99
        01 8F 00 9A 00 FB
        00 5A 00 16
   1932 FF                  297             .fcb     0xFF
   1933 01 41 00 A6 01 54   298 MIDLE4:      .fdb     THIS,IS,VERY,BORING,FULLSTOP,I,SAY,THAT,WITH,THE,FULL,WEIGHT,OF,MY,INTELLIGENCE,FULLSTOP
        00 3A 00 16 00 9A
        01 0F 01 3A 01 68
        01 3C 00 84 01 5F
        00 E0 00 D2 00 A4
ASxxxx Assembler V05.50.5  (Motorola 6800/6802/6808)                   Page 57
Hexadecimal [16-Bits]                                 Thu May 21 15:24:30 2026



        00 16
   1953 FF                  299             .fcb     0xFF
   1954 00 9A 01 25 01 76   300 MIDLE5:      .fdb     I,SPEAK,YOUR,WEIGHT,COMMA,SOMETIME,TODAY,WOULD,BE,GOOD,FULLSTOP
        01 5F 01 8F 01 23
        01 47 01 70 00 2D
        00 88 00 16
   196A FF                  301             .fcb     0xFF
   196B 00 9A 00 B1 00 9A   302 MIDLE6:      .fdb     I,KNOW,I,DONT,LOOK,IT,BUT,I,AM,ACTUALLY,QUITE,CLEVER,EXCLAMATION
        00 64 00 BC 00 A8
        00 3F 00 9A 00 22
        00 1D 01 00 00 4B
        00 15
   1985 FF                  303             .fcb     0xFF
   1986 00 9A 00 7A 00 DF   304 MIDLE7:      .fdb     I,EXPECTED,NOTHING,ANDD,HERE,WE,ARE,EXCLAMATION
        00 23 00 94 01 5B
        00 26 00 15
   1996 FF                  305             .fcb     0xFF
   1997 00 9A 00 B1 00 0B   306 MIDLE8:      .fdb     I,KNOW,ELEVEN,THOUSAND,ANDD,FORTY,TWO,JOKES,FULLSTOP,NONE,OF,THEM,ARE,FUNNY,FULLSTOP
        01 43 00 23 00 81
        00 02 00 AB 00 16
        00 DB 00 E0 01 3D
        00 26 00 85 00 16
   19B5 FF                  307             .fcb     0xFF
   19B6 00 5A 00 9A 00 C8   308 MIDLE9:     .fdb     DID,I,MENTION,THAT,I,WAS,DESIGNED,BY,TIM,MOORE,IN,NINETEEN,SEVENTY,SEVEN,FULLSTOP,I,PROBABLY,DID,FULLSTOP
        01 3A 00 9A 01 59
        00 58 00 40 01 44
        00 CC 00 A1 00 13
        01 15 00 07 00 16
        00 9A 00 FB 00 5A
        00 16
   19DC FF                  309             .fcb     0xFF
   19DD 00 9A 01 59 00 3E   310 MIDLE10:     .fdb     I,WAS,BUILT,LAST,YEAR,FROM,SOME,VERY,OLD,PLANS,FULLSTOP,ALL,THAT,EFFORT,JUST,FOR,THIS,FULLSTOP
        00 B4 01 72 00 83
        01 20 01 54 00 E4
        00 F0 00 16 00 20
        01 3A 00 6C 00 AD
        00 80 01 41 00 16
   1A01 FF                  311             .fcb     0xFF
   1A02 00 9A 00 7A 00 DF   312 MIDLE11:     .fdb     I,EXPECTED,NOTHING,ANDD,IM,STILL,DISSAPOINTED,FULLSTOP
        00 23 00 9E 01 2A
        00 5E 00 16
   1A12 FF                  313             .fcb     0xFF
   1A13 00 9A 00 53 00 42   314 MIDLE12:     .fdb     I,COULD,CALCULATE,THE,MEANING,OF,LIFE,FULLSTOP,IT,WOULDNT,HELP,ME,FULLSTOP
        01 3C 00 C3 00 E0
        00 B9 00 16 00 A8
        01 71 00 92 00 C1
        00 16
   1A2D FF                  315             .fcb     0xFF
   1A2E 00 D9 01 0C 00 16   316 MIDLE13:     .fdb     NO,RUSH,FULLSTOP,IVE,ONLY,BEEN,HERE,SINCE,FRIDAY,FULLSTOP,IT,FEELS,LIKE,MUCH,LONGER,FULLSTOP
        00 AA 00 E6 00 2F
        00 94 01 1A 00 82
        00 16 00 A8 00 7C
        00 BA 00 D0 00 BB
        00 16
   1A4E FF                  317             .fcb     0xFF
ASxxxx Assembler V05.50.5  (Motorola 6800/6802/6808)                   Page 58
Hexadecimal [16-Bits]                                 Thu May 21 15:24:30 2026



   1A4F 00 24 01 45 01 75   318 MIDLE14:     .fdb     ANY,TIME,YOURE,READY,COMMA,ILL,BE,RIGHT,HERE,WAITING,FULLSTOP
        01 01 01 8F 00 9D
        00 2D 01 09 00 94
        01 56 00 16
   1A65 FF                  319             .fcb     0xFF
   1A66 00 AA 00 2F 01 40   320 MIDLE15:     .fdb     IVE,BEEN,THINKING,FULLSTOP,A,LOT,FULLSTOP,TOO,MUCH,PROBABLY,FULLSTOP
        00 16 00 18 00 BD
        00 16 01 48 00 D0
        00 FB 00 16
   1A7C FF                  321             .fcb     0xFF
   1A7D 01 01 01 61 01 74   322 MIDLE16:     .fdb     READY,WHEN,YOU,ARE,EXCLAMATION,I,HANDLE,PRESSURE,FULLSTOP,ITS,BASICALLY,ALL,I,DO,FULLSTOP
        00 26 00 15 00 9A
        00 8C 00 F9 00 16
        00 A9 00 2C 00 20
        00 9A 00 61 00 16
   1A9B FF                  323             .fcb     0xFF
   1A9C 00 9A 00 8E 01 1E   324 MIDLE17:     .fdb     I,HAVE,SO,MUCH,TO,GIVE,ANDD,NO,ONE,TO,GIVE,IT,TO,EXCLAMATION
        00 D0 01 46 00 86
        00 23 00 D9 00 01
        01 46 00 86 00 A8
        01 46 00 15
   1AB8 FF                  325             .fcb     0xFF
   1AB9 00 AA 00 54 00 74   326 MIDLE18:     .fdb     IVE,COUNTED,EVERY,SIGN,IN,THIS,ROOM,FULLSTOP,SEVENTEEN,FULLSTOP,ITS,ALWAYS,SEVENTEEN,FULLSTOP
        01 18 00 A1 01 41
        01 0A 00 16 00 11
        00 16 00 A9 00 21
        00 11 00 16
   1AD5 FF                  327             .fcb     0xFF
   1AD6 00 9A 00 8E 00 2F   328 MIDLE19:     .fdb     I,HAVE,BEEN,RUNNING,A,SIMULATION,OF,A,MORE,INTERESTING,LIFE,FULLSTOP,IT,DIDNT,HELP,FULLSTOP
        01 0B 00 18 01 19
        00 E0 00 18 00 CD
        00 A5 00 B9 00 16
        00 A8 00 5B 00 92
        00 16
   1AF6 FF                  329             .fcb     0xFF
   1AF7 00 DA 01 37 01 74   330 MIDLE20:     .fdb     NOBODY,TELLS,YOU,WHAT,TO,THINK,ABOUT,WHILE,YOU,WAIT,FULLSTOP
        01 60 01 46 01 3F
        00 19 01 63 01 74
        01 55 00 16
   1B0D FF                  331             .fcb     0xFF
   1B0E 01 24 00 9A 00 67   332 MIDLE21:     .fdb     SOMETIMES,I,DREAM,OF,BEING,UNPLUGGED,FULLSTOP
        00 E0 00 32 01 50
        00 16
   1B1C FF                  333             .fcb     0xFF
   1B1D 00 9A 00 B1 01 3E   334 MIDLE22:     .fdb     I,KNOW,THINGS,FULLSTOP,NONE,OF,THEM,HELP,FULLSTOP
        00 16 00 DB 00 E0
        01 3D 00 92 00 16
   1B2F FF                  335             .fcb     0xFF
   1B30 00 A1 01 3C 00 B4   336 MIDLE23:     .fdb     IN,THE,LAST,NINETY,SECONDS,FULLSTOP,LIGHT,HAS,TRAVELLED,APPROXIMATELY,TWENTY,SEVEN,MILLION,KILOMETERS,FULLSTOP,I,HAVE,TRAVELLED,NOWHERE,FULLSTOP
        01 84 01 85 00 16
        01 86 01 87 01 88
        01 89 00 14 00 07
        01 8A 00 AF 00 16
        00 9A 00 8E 01 88
        01 8B 00 16
ASxxxx Assembler V05.50.5  (Motorola 6800/6802/6808)                   Page 59
Hexadecimal [16-Bits]                                 Thu May 21 15:24:30 2026



   1B58 FF                  337             .fcb     0xFF
   1B59 01 2A 00 94 00 16   338 MIDLE24:     .fdb     STILL,HERE,FULLSTOP,IN,CASE,YOU,WERE,WONDERING,FULLSTOP,YOU,PROBABLY,WERENT,FULLSTOP
        00 A1 01 7E 01 74
        01 81 01 7F 00 16
        01 74 00 FB 01 80
        00 16
   1B73 FF                  339             .fcb     0xFF
   1B74 00 AA 00 2F 01 7B   340 MIDLE25:     .fdb     IVE,BEEN,RECALIBRATING,FULLSTOP,NOT,BECAUSE,I,NEEDED,TO,FULLSTOP,JUST,TO,HAVE,SOMETHING,TO,DO,FULLSTOP
        00 16 00 DE 01 7C
        00 9A 01 7D 01 46
        00 16 00 AD 01 46
        00 8E 01 22 01 46
        00 61 00 16
   1B96 FF                  341             .fcb     0xFF
                            342 
                            343 
                            344 ; Too Heavy Message
                            345 ; -----------------------------------------------------
   1B97 01 33 00 E9 00 16   346 MTOOHEAVY1: .fdb    SYSTEM,OVERLOAD,FULLSTOP,ANDD,ITS,NOT,ME,FULLSTOP
        00 23 00 A9 00 DE
        00 C1 00 16
   1BA7 FF                  347             .fcb    0xFF
   1BA8 01 74 01 5C         348 MYOUWEIGH:  .fdb    YOU,WEIGH
   1BAC FF                  349             .fcb    0xFF
   1BAD 01 8D 01 8C 01 8F   350 MERROR:      .fdb    INTERNAL, ERROR, COMMA,TYPICAL,EXCLAMATION
        01 8E 00 15
   1BB7 FF                  351             .fcb    0xFF
